"Top5Brands","fac_type","poiname_factype_city_freq","city_name"
"STATE BANK OF INDIA",3578,73,"Agra"
"CANARA BANK",3578,51,"Agra"
"AXIS BANK",3578,45,"Agra"
"PUNJAB NATIONAL BANK",3578,42,"Agra"
"ICICI BANK",3578,33,"Agra"
"TORRENT POWER",5000,14,"Agra"
"LIFE INSURANCE CORPORATION",5000,9,"Agra"
"LIFE INSURANCE CORPORATION OF INDIA",5000,6,"Agra"
"DTDC",5000,5,"Agra"
"MANAPPURAM FINANCE",5000,5,"Agra"
"GUPTA GENERAL STORE",5400,5,"Agra"
"SHIV PROVISION STORE",5400,4,"Agra"
"BABA GENERAL STORE",5400,3,"Agra"
"EASYDAY",5400,3,"Agra"
"GAURAV PROVISION STORE",5400,3,"Agra"
"ARVIND HYUNDAI",5511,2,"Agra"
"KALYAN SALES LLP-VOLKSWAGEN",5511,2,"Agra"
"MADHUSUDAN MOTORS",5511,2,"Agra"
"SHIEL AUTOWORLD-SKODA",5511,2,"Agra"
"ASHOK AUTO SALES-FIAT",5511,1,"Agra"
"AGRA CAR BAZAR",5512,1,"Agra"
"ASHOK LEYLAND",5512,1,"Agra"
"BABA CAR BAZAAR",5512,1,"Agra"
"BIG CAR BAZAR",5512,1,"Agra"
"CLASSIC CAR BAZAAR",5512,1,"Agra"
"SHIEL BAJAJ",5571,2,"Agra"
"AGRA MOTORCYCLE HOUSE-ROYAL ENFIELD",5571,1,"Agra"
"ARVIND TVS",5571,1,"Agra"
"ATMARAM HERO MOTOCORP",5571,1,"Agra"
"BALUGANJ SUZUKI",5571,1,"Agra"
"ROOF TOP RESTAURANT",5800,7,"Agra"
"DOMINO'S PIZZA",5800,6,"Agra"
"MCDONALD'S",5800,3,"Agra"
"MOON LIGHT RESTAURANT",5800,3,"Agra"
"PIZZA HUT",5800,3,"Agra"
"6 POCKET SNOOKER CENTRE",5813,1,"Agra"
"AMERICAN POOL POINT",5813,1,"Agra"
"ARABIC MOCHA-THE LOUNGE",5813,1,"Agra"
"HICHKEE CAFE",5813,1,"Agra"
"JHANKAR",5813,1,"Agra"
"STATE BANK OF INDIA",6000,33,"Agra"
"GRAMIN BANK OF ARYAVART",6000,16,"Agra"
"HDFC BANK",6000,8,"Agra"
"BANK OF BARODA",6000,7,"Agra"
"SYNDICATE BANK",6000,7,"Agra"
"SHOPPING ARCADE",6512,3,"Agra"
"YADAV MARKET",6512,3,"Agra"
"ASHOK COSMOS MALL",6512,2,"Agra"
"GULAB COMPLEX",6512,2,"Agra"
"KUSHWAH MARKET",6512,2,"Agra"
"HOTEL AMAR",7011,3,"Agra"
"GARDEN VILLA HOMESTAY",7011,2,"Agra"
"HOLIDAY INN-AGRA MG ROAD",7011,2,"Agra"
"HOTEL INDRAPRASTH RESIDENCY-ARJUN NAGAR",7011,2,"Agra"
"HOTEL RAJ PALACE",7011,2,"Agra"
"GUPTA AUTO PARTS",7538,5,"Agra"
"ARORA AUTO PARTS",7538,3,"Agra"
"ARVIND HYUNDAI",7538,3,"Agra"
"BIKE POINT",7538,3,"Agra"
"GOVARDHAN TYRES",7538,3,"Agra"
"BHAGWAN CINEMA-NEHRU NAGAR",7832,1,"Agra"
"BHARAT TALKIES-RAJA KI MANDI",7832,1,"Agra"
"BIG CINEMAS-TDI MALL",7832,1,"Agra"
"CARNIVAL CINEMAS-TDI MALL",7832,1,"Agra"
"CHITRA CINEMA-SHEETLA GALI",7832,1,"Agra"
"SUR SADAN AUDITORIUM",7929,1,"Agra"
"AMBEDKAR PARK",7947,7,"Agra"
"DR BHIM RAO AMBEDKAR PARK",7947,4,"Agra"
"CHILDREN PARK",7947,2,"Agra"
"DR BR AMBEDAKAR PARK",7947,2,"Agra"
"GREEN PARK",7947,2,"Agra"
"AGRA GOLF CLUB",7992,1,"Agra"
"GOLF COURSE GATE NO 1",7992,1,"Agra"
"GOLF COURSE GATE NO2",7992,1,"Agra"
"LIFE LINE HOSPITAL",8060,3,"Agra"
"LIFE LINE HOSPITAL-ER",8060,3,"Agra"
"RAVI HOSPITAL",8060,3,"Agra"
"RAVI HOSPITAL-ER",8060,3,"Agra"
"AMIT JAGGI MEMORIAL HOSPITAL",8060,2,"Agra"
"AGRA COLLEGE",8200,2,"Agra"
"ANUPAMA COLLEGE OF ENGINEERING",8200,2,"Agra"
"RAMESHWARI DEVI KANYA MAHAVIDYALAYA",8200,2,"Agra"
"SAI NATH GROUP OF EDUCATION",8200,2,"Agra"
"ACME INSTITUTE OF MANAGEMENT & TECHNOLOGY",8200,1,"Agra"
"PRATHAMIK VIDYALAYA",8211,26,"Agra"
"BACHPAN PLAY SCHOOL",8211,8,"Agra"
"S S PUBLIC SCHOOL",8211,6,"Agra"
"KIDZEE",8211,5,"Agra"
"PRIMARY SCHOOL",8211,5,"Agra"
"CENTRAL LIBRARY",8231,1,"Agra"
"MY BOOK CAFE",8231,1,"Agra"
"PRABHU AMBEDKAR LIBRARY",8231,1,"Agra"
"QUEEN EMPRESS MARY LIBRARY",8231,1,"Agra"
"TAJ CITY MUNICIPAL PUBLIC LIBRARY",8231,1,"Agra"
"BIOLOGICAL MUSEUM",8410,1,"Agra"
"SPIRITUAL MUSEUM",8410,1,"Agra"
"SPIRITUAL MUSEUM 1",8410,1,"Agra"
"TAJ CITY MUNICIPAL MUSEUM",8410,1,"Agra"
"TAJ MAHAL MUSEUM",8410,1,"Agra"
"AGRA CATERERS BAR & RESTAURANT",9532,1,"Agra"
"BAR",9532,1,"Agra"
"BAR-TRIDENT",9532,1,"Agra"
"BAWA PALACE BAR",9532,1,"Agra"
"BENGAL BAR & RESTAURANT",9532,1,"Agra"
"EASY DAY",9535,5,"Agra"
"BIG BAZAAR",9535,3,"Agra"
"VISHAL MEGA MART",9535,3,"Agra"
"FOOD BAZAAR",9535,2,"Agra"
"AGARWAL",9535,1,"Agra"
"ADIDAS",9537,6,"Agra"
"LIBERTY",9537,5,"Agra"
"PETER ENGLAND",9537,5,"Agra"
"UNITED COLORS OF BENETTON",9537,5,"Agra"
"AMIT GARMENTS",9537,4,"Agra"
"FURNITURE HOUSE",9560,3,"Agra"
"ZUARI FURNITURE",9560,3,"Agra"
"AKBAR INTERNATIONAL",9560,2,"Agra"
"BHAGWATI FURNITURE",9560,2,"Agra"
"BHOLE BABA BARTAN BHANDAR",9560,2,"Agra"
"KRISHNA MEDICAL STORE",9565,17,"Agra"
"OM MEDICAL STORE",9565,12,"Agra"
"RAJ MEDICAL STORE",9565,12,"Agra"
"CHAUDHARY MEDICAL STORE",9565,10,"Agra"
"LAXMI MEDICAL STORE",9565,10,"Agra"
"ENGLISH WINE SHOP",9567,67,"Agra"
"BEER SHOP",9567,27,"Agra"
"THE BEER SHOP",9567,16,"Agra"
"PANCHHI PETHA",9567,8,"Agra"
"PANCHHI PETHA STORE",9567,8,"Agra"
"ACE SPORTS",9568,1,"Agra"
"AGARWAL CYCLE STORE",9568,1,"Agra"
"AJIT CYCLE STORE",9568,1,"Agra"
"APNA SPORTS ZONE",9568,1,"Agra"
"ASHOK CYCLE STORE",9568,1,"Agra"
"DR LAL PATHLABS",9583,22,"Agra"
"DENTAL CLINIC",9583,15,"Agra"
"SCIENTIFIC PATHOLOGY",9583,8,"Agra"
"DENTAL HOSPITAL",9583,5,"Agra"
"CENTRE FOR SIGHT",9583,4,"Agra"
"EXCELLENT COACHING",9596,4,"Agra"
"A ONE INSTITUTE",9596,3,"Agra"
"AGRA CAREER POINT",9596,3,"Agra"
"HORIZON",9596,3,"Agra"
"AAKASH INSTITUTE",9596,2,"Agra"
"ATMARAM ENTERPRISES-MAHINDRA",9719,2,"Agra"
"MANORAM AUTOS-BAJAJ RE",9719,2,"Agra"
"ANIL AUTOMOBILES-TAFE",9719,1,"Agra"
"ASHOK AUTO SALES-TATA MOTORS",9719,1,"Agra"
"ASHOKA AUTO SALES-TATA",9719,1,"Agra"
"AGARWAL ENTERPRISES",9986,3,"Agra"
"BANSAL HARDWARE",9986,3,"Agra"
"BANSAL TRADERS",9986,3,"Agra"
"SHIV HARDWARE",9986,3,"Agra"
"AGARWAL PIPE STORE",9986,2,"Agra"
"JIO STORE",9987,9,"Agra"
"RELIANCE MOBILE STORE",9987,6,"Agra"
"KRISHNA MOBILE",9987,5,"Agra"
"UNINOR",9987,5,"Agra"
"AIRTEL",9987,4,"Agra"
"DTDC",9988,2,"Agra"
"OVERNITE EXPRESS",9988,2,"Agra"
"STATIONERY SHOPPI",9988,2,"Agra"
"TRACKON COURIERS",9988,2,"Agra"
"A TO Z STATIONERS",9988,1,"Agra"
"ACHAL AMIT & COMPANY",9991,2,"Agra"
"BASANT OVERSEAS",9991,2,"Agra"
"BENARA UDYOG",9991,2,"Agra"
"EXPO INTERNATIONAL",9991,2,"Agra"
"KAPSONS WORLDWIDE",9991,2,"Agra"
"ASHOK BOOK DEPOT",9995,2,"Agra"
"BHARAT PUSTAK BHANDAR",9995,2,"Agra"
"DURGA STORE",9995,2,"Agra"
"GOVIND BOOK SHOPPE",9995,2,"Agra"
"GOYAL BOOK STORE",9995,2,"Agra"
"CAFE COFFEE DAY",9996,11,"Agra"
"THE TEA LOUNGE",9996,2,"Agra"
"AJANTA CAFE",9996,1,"Agra"
"BREWBERRYS THE COFFEE BAR",9996,1,"Agra"
"CHAPTER 1 CAFE",9996,1,"Agra"
"STATE BANK OF INDIA",3578,328,"Ahmadabad"
"AXIS BANK",3578,197,"Ahmadabad"
"BANK OF BARODA",3578,183,"Ahmadabad"
"ICICI BANK",3578,151,"Ahmadabad"
"HDFC BANK",3578,132,"Ahmadabad"
"AHMEDABAD RAILWAY STATION",4013,2,"Ahmadabad"
"AMBLI ROAD RAILWAY STATION",4013,1,"Ahmadabad"
"CHANDKHEDA RAILWAY STATION",4013,1,"Ahmadabad"
"CHANDLODIYA RAILWAY STATION",4013,1,"Ahmadabad"
"GANDHIGRAM RAILWAY STATION",4013,1,"Ahmadabad"
"AMRAIWADI",4100,1,"Ahmadabad"
"APPAREL PARK GATE-1",4100,1,"Ahmadabad"
"APPAREL PARK GATE-2",4100,1,"Ahmadabad"
"APPAREL PARK GATE-3",4100,1,"Ahmadabad"
"NIRANT CROSS ROAD STATION",4100,1,"Ahmadabad"
"AHMEDABAD BUS STATION-1",4170,1,"Ahmadabad"
"AHMEDABAD S T BUS STATION",4170,1,"Ahmadabad"
"AMTS BUS STOP",4170,1,"Ahmadabad"
"BAPUNAGAR BUS STATION",4170,1,"Ahmadabad"
"BEHRAMPURA BUS STATION",4170,1,"Ahmadabad"
"JANTA NAGAR",4444,3,"Ahmadabad"
"MAHADEV NAGAR",4444,3,"Ahmadabad"
"ANAND NAGAR",4444,2,"Ahmadabad"
"BHAGYODAY SOCIETY",4444,2,"Ahmadabad"
"CHANDKHEDA",4444,2,"Ahmadabad"
"ANGEL BROKING",5000,46,"Ahmadabad"
"LIC",5000,31,"Ahmadabad"
"MUTHOOT FINANCE",5000,26,"Ahmadabad"
"LIFE INSURANCE CORPORATION",5000,25,"Ahmadabad"
"DTDC COURIER",5000,24,"Ahmadabad"
"AMUL",5400,23,"Ahmadabad"
"PANDIT DINDAYAL GRAHAK BHANDAR",5400,22,"Ahmadabad"
"AMUL PARLOUR",5400,14,"Ahmadabad"
"RAMDEV PROVISION STORES",5400,14,"Ahmadabad"
"CHAMUNDA KIRANA STORES",5400,12,"Ahmadabad"
"BAGGA HYUNDAI",5511,4,"Ahmadabad"
"PUNJAB AUTOMOBILES-MAHINDRA",5511,4,"Ahmadabad"
"CARGO-FORD",5511,3,"Ahmadabad"
"CARGO FORD",5511,3,"Ahmadabad"
"CONCEPT HYUNDAI",5511,3,"Ahmadabad"
"JOLLY MOTORS",5512,4,"Ahmadabad"
"BALAJI MOTORS",5512,2,"Ahmadabad"
"BENCHMARK CARS-MERCEDES BENZ",5512,2,"Ahmadabad"
"CAR DEAL AUTO",5512,2,"Ahmadabad"
"CARGO-FORD",5512,2,"Ahmadabad"
"INDIAN OIL",5540,76,"Ahmadabad"
"BHARAT PETROLEUM",5540,48,"Ahmadabad"
"ADANI CNG",5540,45,"Ahmadabad"
"HINDUSTAN PETROLEUM",5540,44,"Ahmadabad"
"SHELL",5540,13,"Ahmadabad"
"AMIN BAJAJ",5571,6,"Ahmadabad"
"HET BAJAJ",5571,6,"Ahmadabad"
"INNOVATIVE HONDA",5571,6,"Ahmadabad"
"MANAN BAJAJ",5571,6,"Ahmadabad"
"PUNJAB HONDA",5571,6,"Ahmadabad"
"HAVMOR EATERY",5800,32,"Ahmadabad"
"DOMINO'S PIZZA",5800,30,"Ahmadabad"
"KUTCHI KING",5800,23,"Ahmadabad"
"JAY BHAVANI VADAPAV",5800,21,"Ahmadabad"
"SUBWAY",5800,21,"Ahmadabad"
"SHAMBHU'S COFFEE BAR",5813,2,"Ahmadabad"
"7 DAYS",5813,1,"Ahmadabad"
"AKBARI HOTEL",5813,1,"Ahmadabad"
"ANTI CLOCK",5813,1,"Ahmadabad"
"ANTICLOCK WIDEANGLE",5813,1,"Ahmadabad"
"AAJAM MOAJJAM DARGAH",5999,1,"Ahmadabad"
"ABHAY GHAT",5999,1,"Ahmadabad"
"ACHYUT BIBI'S MASJID & TOMB",5999,1,"Ahmadabad"
"AHMEDSHAH BADSHAH FORT",5999,1,"Ahmadabad"
"AMBAJI TEMPLE",5999,1,"Ahmadabad"
"STATE BANK OF INDIA",6000,60,"Ahmadabad"
"DENA BANK",6000,51,"Ahmadabad"
"HDFC BANK",6000,35,"Ahmadabad"
"KOTAK MAHINDRA BANK",6000,32,"Ahmadabad"
"ICICI BANK",6000,29,"Ahmadabad"
"BRAND FACTORY",6512,3,"Ahmadabad"
"NATIONAL HANDLOOM",6512,3,"Ahmadabad"
"SHOPPERS STOP",6512,3,"Ahmadabad"
"SHUKAN MALL",6512,3,"Ahmadabad"
"ANAND SHOPPING CENTRE",6512,2,"Ahmadabad"
"HOTEL AASHIRWAD",7011,3,"Ahmadabad"
"HOTEL KRISHNA PALACE",7011,3,"Ahmadabad"
"HOTEL RAJ PALACE",7011,3,"Ahmadabad"
"BOMBAY HOTEL",7011,2,"Ahmadabad"
"DE ECOBIZ HOTEL",7011,2,"Ahmadabad"
"GIRLS HOSTEL",7013,3,"Ahmadabad"
"ASHRAY DHAM",7013,2,"Ahmadabad"
"BOYS HOSTEL",7013,2,"Ahmadabad"
"DEEPA GUEST HOUSE",7013,2,"Ahmadabad"
"GAYATRI LODGE",7013,2,"Ahmadabad"
"AHMEDABAD STATION",7389,1,"Ahmadabad"
"AMC TOURISM DESK",7389,1,"Ahmadabad"
"BERWALA TOURS AND TRAVELS",7389,1,"Ahmadabad"
"EXPLORE INDIA EVENTS",7389,1,"Ahmadabad"
"GUJARAT TOURISM",7389,1,"Ahmadabad"
"A H TRAVELS",7510,1,"Ahmadabad"
"ARVISH TRAVELS",7510,1,"Ahmadabad"
"AUTORIDER",7510,1,"Ahmadabad"
"AVIS RENT A CAR",7510,1,"Ahmadabad"
"CARZON RENT INDIA",7510,1,"Ahmadabad"
"PARKING LOT",7520,9,"Ahmadabad"
"AMC PAY & PARK",7520,6,"Ahmadabad"
"AMC PAY AND PARK",7520,2,"Ahmadabad"
"CAR PARKING",7520,2,"Ahmadabad"
"ACROPOLIS PARKING ENTRANCE 1",7520,1,"Ahmadabad"
"PARKING",7521,3,"Ahmadabad"
"AMC PAY & PARK",7521,2,"Ahmadabad"
"AMC PARKING",7521,1,"Ahmadabad"
"BHAVANI PARKING",7521,1,"Ahmadabad"
"MAHAKALI",7521,1,"Ahmadabad"
"RAJ MOTORS",7538,13,"Ahmadabad"
"KRISHNA AUTO SERVICE",7538,10,"Ahmadabad"
"KRISHNA MOTORS",7538,10,"Ahmadabad"
"PUNJAB HONDA",7538,9,"Ahmadabad"
"SHIV MOTORS",7538,9,"Ahmadabad"
"CITY GOLD",7832,5,"Ahmadabad"
"PVR CINEMA",7832,3,"Ahmadabad"
"19 CINEMA",7832,1,"Ahmadabad"
"5D BONZAI ADVENTURE",7832,1,"Ahmadabad"
"AB MINIPLEX",7832,1,"Ahmadabad"
"PARKING",7897,1,"Ahmadabad"
"RESTAURANT AND PARKING AREA",7897,1,"Ahmadabad"
"DR AMBEDKAR OPEN AIR THEATRE",7929,1,"Ahmadabad"
"JAYSHANKAR SUNDARI NATYA GRUH",7929,1,"Ahmadabad"
"LATE SHRI BALWANTRAI THAKOR HALL",7929,1,"Ahmadabad"
"MANGALDAS GIRDHARDAS MEMORIAL HALL",7929,1,"Ahmadabad"
"OPEN AIR THEATRE",7929,1,"Ahmadabad"
"SVM BOWLING ALLEY",7933,1,"Ahmadabad"
"TOSS BOWLING ZONE",7933,1,"Ahmadabad"
"AHMEDABAD URBAN DVLPT AUTHORITY",7940,1,"Ahmadabad"
"AMC GYMNASIUM & SWIMMING POOL",7940,1,"Ahmadabad"
"AMC URBAN RATANLAL GUPTA GYMNASIUM",7940,1,"Ahmadabad"
"BEHRAMPURA VYAYAM SCHOOL",7940,1,"Ahmadabad"
"CRICKET GROUND",7940,1,"Ahmadabad"
"AUDA GARDEN",7947,11,"Ahmadabad"
"PARK",7947,7,"Ahmadabad"
"AUDA PARK",7947,6,"Ahmadabad"
"AMC PARK",7947,5,"Ahmadabad"
"AMC GARDEN",7947,3,"Ahmadabad"
"AAKAR EXHIBITION",7990,1,"Ahmadabad"
"AMBIKA EXHIBITIONS",7990,1,"Ahmadabad"
"ARYA SAMAJ BHAVAN",7990,1,"Ahmadabad"
"CONTEMPORARY ART GALLERY",7990,1,"Ahmadabad"
"ELITE GALLERY",7990,1,"Ahmadabad"
"KENSVILLE GOLF ACADEMY",7992,1,"Ahmadabad"
"SHREE SWAMINARAYAN VISHRANTI BHAWAN",7992,1,"Ahmadabad"
"JAIN ARADHANA BHAVAN",7994,5,"Ahmadabad"
"JAIN UPASHRAY",7994,5,"Ahmadabad"
"SENATE",7994,4,"Ahmadabad"
"BOARD ROOM 1",7994,3,"Ahmadabad"
"BOARD ROOM 2",7994,3,"Ahmadabad"
"AMAZING FUNMOR",7996,2,"Ahmadabad"
"CHILDREN PARK",7996,2,"Ahmadabad"
"ANNAPURNA FARM",7996,1,"Ahmadabad"
"BALOON SAFARI",7996,1,"Ahmadabad"
"BALVATIKA",7996,1,"Ahmadabad"
"PARSANA GYM",7997,11,"Ahmadabad"
"LIFE FITNESS POINT",7997,4,"Ahmadabad"
"VALA'S GYM",7997,4,"Ahmadabad"
"FITNESS ZONE",7997,3,"Ahmadabad"
"ROYAL FITNESS",7997,3,"Ahmadabad"
"SARKHEJ ROZA",7999,2,"Ahmadabad"
"AAJAM MOAJJAM DARGAH",7999,1,"Ahmadabad"
"AHMED SHAH MASJID",7999,1,"Ahmadabad"
"AMDAVAD NI GUFA",7999,1,"Ahmadabad"
"ASARVA LAKE",7999,1,"Ahmadabad"
"AASHIRWAD HOSPITAL",8060,9,"Ahmadabad"
"AASHIRWAD HOSPITAL-ER",8060,9,"Ahmadabad"
"TAPAN HOSPITAL",8060,7,"Ahmadabad"
"TAPAN HOSPITAL-ER",8060,7,"Ahmadabad"
"SHAISHAV CHILDREN HOSPITAL",8060,4,"Ahmadabad"
"AISECT",8200,3,"Ahmadabad"
"AMRUT MODY SCHOOL OF MANAGEMENT",8200,2,"Ahmadabad"
"BRAHMAKUMARI VISHWA VIDYALAYA",8200,2,"Ahmadabad"
"GOVERNMENT COMMERCE COLLEGE",8200,2,"Ahmadabad"
"INDIRA GANDHI NATIONAL OPEN UNIV",8200,2,"Ahmadabad"
"KIDZEE",8211,23,"Ahmadabad"
"THE TREE HOUSE",8211,18,"Ahmadabad"
"EURO KIDS",8211,12,"Ahmadabad"
"ANGANWADI",8211,11,"Ahmadabad"
"ADARSH PRIMARY SCHOOL",8211,9,"Ahmadabad"
"GARG LIBRARY",8231,2,"Ahmadabad"
"AACHARYA DRONA READING LIBRARY",8231,1,"Ahmadabad"
"AMC PATEL K K LIBRARY",8231,1,"Ahmadabad"
"AMC SHAMAL BHATT LIBRARY",8231,1,"Ahmadabad"
"BRITISH COUNCIL",8231,1,"Ahmadabad"
"AUTO WORLD MUSEUM",8410,1,"Ahmadabad"
"AUTO WORLD MUSEUM-ENTRANCE 1",8410,1,"Ahmadabad"
"CALICO MUSEUM OF TEXTILES",8410,1,"Ahmadabad"
"CITY MUSEUM",8410,1,"Ahmadabad"
"DR AMBEDKAR MUSEUM",8410,1,"Ahmadabad"
"BHUMI PARTY PLOT",9121,1,"Ahmadabad"
"CITY POINT",9121,1,"Ahmadabad"
"SHETH MG MEMORIAL HALL",9121,1,"Ahmadabad"
"CITY CIVIL & SESSION COURT",9211,2,"Ahmadabad"
"AHMEDABAD RURAL DISTRICT COURT",9211,1,"Ahmadabad"
"FAMILY COURT",9211,1,"Ahmadabad"
"GUJARAT HIGH COURT",9211,1,"Ahmadabad"
"HIGH COURT OF GUJARAT-GATE 1",9211,1,"Ahmadabad"
"POLICE STATION-ISANPUR",9221,2,"Ahmadabad"
"TRAFFIC POLICE-E",9221,2,"Ahmadabad"
"POLICE CHOWKI-AMRAIWADI",9221,1,"Ahmadabad"
"POLICE CHOWKI-APPROACH",9221,1,"Ahmadabad"
"POLICE CHOWKI-ASARWA",9221,1,"Ahmadabad"
"AHMEDABAD MUNICIPAL CORPORATION",9525,7,"Ahmadabad"
"EMPLOYEES STATE INSURANCE SCHEME",9525,7,"Ahmadabad"
"AMC OFFICE",9525,4,"Ahmadabad"
"GOVERNMENT OF MAHARASHTRA",9525,3,"Ahmadabad"
"PASSPORT SEVA KENDRA",9525,3,"Ahmadabad"
"POST OFFICE-ODHAV",9530,3,"Ahmadabad"
"POST OFFICE-AHMEDABAD",9530,2,"Ahmadabad"
"POST OFFICE-GANDHI ROAD",9530,2,"Ahmadabad"
"POST OFFICE-KHADIA",9530,2,"Ahmadabad"
"POST OFFICE-NAROL",9530,2,"Ahmadabad"
"NEELKAMAL SNACKSBAR",9532,2,"Ahmadabad"
"B&W",9532,1,"Ahmadabad"
"MANISHA SODA",9532,1,"Ahmadabad"
"ROCKERS CAFE & SHEESHA LOUNGE",9532,1,"Ahmadabad"
"SHAKES THE HOOKAH LOUNGE",9532,1,"Ahmadabad"
"RELIANCE FRESH",9535,28,"Ahmadabad"
"D MART",9535,7,"Ahmadabad"
"OSIA HYPERMART",9535,3,"Ahmadabad"
"RELIANCE SMART",9535,3,"Ahmadabad"
"BIG BAZAAR",9535,2,"Ahmadabad"
"FASHION POINT",9537,19,"Ahmadabad"
"RAYMOND",9537,19,"Ahmadabad"
"BATA",9537,15,"Ahmadabad"
"FASHION WORLD",9537,14,"Ahmadabad"
"AARTI SELECTION",9537,13,"Ahmadabad"
"PRESTIGE SMART KITCHEN",9560,8,"Ahmadabad"
"ZUARI FURNITURE",9560,8,"Ahmadabad"
"SHREEJI FURNITURE",9560,7,"Ahmadabad"
"CHAMUNDA FURNITURE",9560,6,"Ahmadabad"
"KRISHNA FURNITURE",9560,6,"Ahmadabad"
"APOLLO PHARMACY",9565,63,"Ahmadabad"
"KRISHNA MEDICAL",9565,29,"Ahmadabad"
"JAN AUSHADHI STORE",9565,22,"Ahmadabad"
"PLANET HEALTH",9565,21,"Ahmadabad"
"UMIYA MEDICAL",9565,18,"Ahmadabad"
"AMUL ICE CREAM",9567,88,"Ahmadabad"
"MONGINIS",9567,54,"Ahmadabad"
"AMUL",9567,51,"Ahmadabad"
"HAVMOR",9567,48,"Ahmadabad"
"GANDHI SODA SHOP",9567,36,"Ahmadabad"
"LAXMI CYCLES",9568,4,"Ahmadabad"
"HERO CYCLES",9568,3,"Ahmadabad"
"VAKIL SPORTS",9568,3,"Ahmadabad"
"CHARBHUJA CYCLE STORE",9568,2,"Ahmadabad"
"DECATHLON",9568,2,"Ahmadabad"
"SHREEJI CLINIC",9583,40,"Ahmadabad"
"SHIVAM CLINIC",9583,36,"Ahmadabad"
"GAYATRI CLINIC",9583,30,"Ahmadabad"
"KRISHNA CLINIC",9583,25,"Ahmadabad"
"OM DENTAL CLINIC",9583,22,"Ahmadabad"
"KRISHNA APARTMENT",9590,32,"Ahmadabad"
"SHIVAM APARTMENT",9590,20,"Ahmadabad"
"SHREEJI APARTMENT",9590,17,"Ahmadabad"
"PARTH APARTMENT",9590,15,"Ahmadabad"
"THAKOR VAS",9590,15,"Ahmadabad"
"CEMETERY",9591,7,"Ahmadabad"
"NARODA MUKTIDHAM",9591,2,"Ahmadabad"
"NARODA MUSLIM CEMETERY",9591,2,"Ahmadabad"
"ANTIM DHAM",9591,1,"Ahmadabad"
"ANTIMDHAM",9591,1,"Ahmadabad"
"PATEL TRAVELS",9593,12,"Ahmadabad"
"JAIPUR GOLDEN TRANSPORT",9593,8,"Ahmadabad"
"PATEL TOURS & TRAVELS",9593,8,"Ahmadabad"
"PAVAN TRAVELS",9593,8,"Ahmadabad"
"PUNJAB TRAVELS",9593,8,"Ahmadabad"
"KRISHNA ELECTRICALS",9595,17,"Ahmadabad"
"UMIYA ELECTRICALS",9595,17,"Ahmadabad"
"CHAMUNDA ELECTRICALS",9595,9,"Ahmadabad"
"MAHALAXMI ELECTRICALS",9595,9,"Ahmadabad"
"OM ELECTRICALS",9595,9,"Ahmadabad"
"SHEETAL ACADEMY",9596,11,"Ahmadabad"
"ALOHA",9596,8,"Ahmadabad"
"BRAIN CHILD LEARNING",9596,7,"Ahmadabad"
"NOBLE INSTITUTE",9596,7,"Ahmadabad"
"APTECH COMPUTER EDUCATION",9596,6,"Ahmadabad"
"AHMEDABAD VADODRA EXPRESSWAY TOLL PLAZA",9717,2,"Ahmadabad"
"BAKROL TOLL PLAZA",9717,1,"Ahmadabad"
"NANA CHILODA TOLL PLAZA",9717,1,"Ahmadabad"
"RAMOL TOLL PLAZA",9717,1,"Ahmadabad"
"SANATHAL TOLL PLAZA",9717,1,"Ahmadabad"
"KAMLA NEHRU ZOOLOGICAL GARDEN",9718,1,"Ahmadabad"
"KANKARIA ZOO",9718,1,"Ahmadabad"
"SUNDARVAN",9718,1,"Ahmadabad"
"MAHINDRA",9719,2,"Ahmadabad"
"AAROHI MOTORS",9719,1,"Ahmadabad"
"APCO MOTORS",9719,1,"Ahmadabad"
"ASHWAMEGH TRACTORS",9719,1,"Ahmadabad"
"ATUL SALES & SERVICE",9719,1,"Ahmadabad"
"SARDAR PATEL CHOWK",9730,6,"Ahmadabad"
"DR AMBEDKAR CHOWK",9730,4,"Ahmadabad"
"KABIR CHOWK",9730,4,"Ahmadabad"
"SWAMINARAYAN CHOWK",9730,4,"Ahmadabad"
"AMBIKA CHOWK",9730,3,"Ahmadabad"
"JAY AMBE TRADERS",9986,9,"Ahmadabad"
"KRISHNA TRADERS",9986,9,"Ahmadabad"
"AMBIKA TRADERS",9986,8,"Ahmadabad"
"LAXMI TRADERS",9986,8,"Ahmadabad"
"SHIV TRADERS",9986,8,"Ahmadabad"
"THE MOBILE STORE",9987,35,"Ahmadabad"
"RELIANCE MOBILE STORE",9987,23,"Ahmadabad"
"KRISHNA MOBILE",9987,18,"Ahmadabad"
"JIO STORE",9987,16,"Ahmadabad"
"RAJ MOBILE",9987,16,"Ahmadabad"
"DTDC",9988,11,"Ahmadabad"
"BALAJI COURIER SERVICE",9988,6,"Ahmadabad"
"KRISHNA STATIONERY",9988,6,"Ahmadabad"
"SHREE MARUTI COURIER SERVICE",9988,6,"Ahmadabad"
"PATEL STATIONERY",9988,5,"Ahmadabad"
"AMBICA INDUSTRIES",9991,3,"Ahmadabad"
"VIPUL INDUSTRIES",9991,3,"Ahmadabad"
"DELTA HYDROCARBONS",9991,2,"Ahmadabad"
"KIRI INDUSTRIES",9991,2,"Ahmadabad"
"MAHADEV INDUSTRIES",9991,2,"Ahmadabad"
"AAI SHREE KHODIYAR TEMPLE",9992,28,"Ahmadabad"
"MASJID",9992,28,"Ahmadabad"
"SHREE HANUMANJI TEMPLE",9992,25,"Ahmadabad"
"HANUMAN TEMPLE",9992,19,"Ahmadabad"
"SHIV TEMPLE",9992,17,"Ahmadabad"
"ATUL BOOK STALL",9995,3,"Ahmadabad"
"CROSSWORD",9995,3,"Ahmadabad"
"KRISHNA STATIONERY",9995,3,"Ahmadabad"
"SHREEJI BOOK BANK",9995,3,"Ahmadabad"
"TUSHAR BOOK DEPOT",9995,3,"Ahmadabad"
"CAFE COFFEE DAY",9996,28,"Ahmadabad"
"SHAMBHU'S COFFEE BAR",9996,14,"Ahmadabad"
"THE CHOCOLATE ROOM",9996,12,"Ahmadabad"
"DANNY'S COFFEE BAR",9996,8,"Ahmadabad"
"TGB",9996,6,"Ahmadabad"
"AASHIRWAD",9998,1,"Ahmadabad"
"AASHIRWAD BUNGALOWS",9998,1,"Ahmadabad"
"AASODIYA SOCIETY",9998,1,"Ahmadabad"
"ABDUL CHOWK",9998,1,"Ahmadabad"
"ABEDKAR NAGAR",9998,1,"Ahmadabad"
"STATE BANK OF INDIA",3578,726,"Bengaluru"
"HDFC BANK",3578,600,"Bengaluru"
"AXIS BANK",3578,566,"Bengaluru"
"CANARA BANK",3578,502,"Bengaluru"
"ICICI BANK",3578,497,"Bengaluru"
"BANASWADI RAILWAY STATION",4013,1,"Bengaluru"
"BANGALORE CANTONMENT SOUTH WESTERN RAILWAY STATION",4013,1,"Bengaluru"
"BANGALORE EAST RAILWAY STATION",4013,1,"Bengaluru"
"BELANDUR ROAD RAILWAY STATION",4013,1,"Bengaluru"
"BENGALURU CITY JUNCTION RAILWAY STATION-GATE NO. 2",4013,1,"Bengaluru"
"NATIONAL COLLEGE METRO STATION",4100,2,"Bengaluru"
"SAMPIGE ROAD METRO STATION",4100,2,"Bengaluru"
"ATTIGUPPE METRO STATION",4100,1,"Bengaluru"
"ATTIGUPPE METRO STATION-ENTRANCE A",4100,1,"Bengaluru"
"ATTIGUPPE METRO STATION-ENTRANCE C",4100,1,"Bengaluru"
"JALAHALLI CROSS BUS STOP",4170,4,"Bengaluru"
"8TH MILE",4170,1,"Bengaluru"
"8TH MILE BUS STOP",4170,1,"Bengaluru"
"ATAL BIHARI VAJPAYEE BUS STATION-JAYANAGAR 9TH BLOCK",4170,1,"Bengaluru"
"AYYAPPA BUSTOP",4170,1,"Bengaluru"
"MARUTHI NAGAR",4444,12,"Bengaluru"
"2ND STAGE",4444,11,"Bengaluru"
"VINAYAKA NAGAR",4444,11,"Bengaluru"
"1ST BLOCK",4444,10,"Bengaluru"
"BALAJI LAYOUT",4444,10,"Bengaluru"
"OLD BANGALORE INTERNATIONAL AIRPORT",4581,1,"Bengaluru"
"MANAPPURAM FINANCE",5000,155,"Bengaluru"
"MUTHOOT FINCORP",5000,152,"Bengaluru"
"MUTHOOT FINANCE",5000,144,"Bengaluru"
"DTDC",5000,118,"Bengaluru"
"MANAPPURAM GOLD LOAN",5000,113,"Bengaluru"
"HOPCOMS",5400,218,"Bengaluru"
"LEGAL PRICE STORE",5400,181,"Bengaluru"
"GOVERNMENT FAIR PRICE DEPOT",5400,36,"Bengaluru"
"HERITAGE FRESH",5400,25,"Bengaluru"
"SMART",5400,16,"Bengaluru"
"ADVAITH HYUNDAI",5511,5,"Bengaluru"
"INDIA GARAGE",5511,5,"Bengaluru"
"PPS-FORD",5511,5,"Bengaluru"
"PRERANA MOTORS",5511,5,"Bengaluru"
"TRIDENT-RENAULT",5511,5,"Bengaluru"
"CLASSIC AUTOMOTIVES",5512,3,"Bengaluru"
"KARNATAKA AUTO CONSULTANT",5512,3,"Bengaluru"
"AUTO POINT",5512,2,"Bengaluru"
"BAJAJ AUTO CONSULTANTS",5512,2,"Bengaluru"
"BANGALORE AUTO CONSULTANTS",5512,2,"Bengaluru"
"INDIAN OIL",5540,177,"Bengaluru"
"BHARAT PETROLEUM",5540,112,"Bengaluru"
"HINDUSTAN PETROLEUM",5540,85,"Bengaluru"
"SHELL",5540,39,"Bengaluru"
"TOTAL",5540,18,"Bengaluru"
"AMBA-BAJAJ",5571,5,"Bengaluru"
"KTM",5571,4,"Bengaluru"
"PLANET HONDA",5571,4,"Bengaluru"
"ARYAN SUZUKI",5571,3,"Bengaluru"
"HAIKU HONDA",5571,3,"Bengaluru"
"FIVE STAR CHICKEN",5800,115,"Bengaluru"
"DOMINO'S PIZZA",5800,111,"Bengaluru"
"BASKIN-ROBBINS",5800,86,"Bengaluru"
"GOLI VADA PAV NO. 1",5800,68,"Bengaluru"
"MAST KALANDAR",5800,67,"Bengaluru"
"XTREME SPORTS BAR",5813,4,"Bengaluru"
"HARRY'S BAR",5813,3,"Bengaluru"
"JIMI'S BEER CAFE",5813,3,"Bengaluru"
"LOUNGE BAR",5813,3,"Bengaluru"
"PECOS PUB",5813,3,"Bengaluru"
"DR B R AMBEDKAR STATUE",5999,4,"Bengaluru"
"DR BR AMBEDKAR",5999,4,"Bengaluru"
"DR B R AMBEDKAR",5999,3,"Bengaluru"
"ASHOKA PILLAR",5999,1,"Bengaluru"
"ASHOKA PILLAR MONUMENT",5999,1,"Bengaluru"
"STATE BANK OF INDIA",6000,128,"Bengaluru"
"HDFC BANK",6000,91,"Bengaluru"
"KARNATAKA BANK",6000,63,"Bengaluru"
"ICICI BANK",6000,58,"Bengaluru"
"KOTAK MAHINDRA BANK",6000,49,"Bengaluru"
"WILDCRAFT",6512,11,"Bengaluru"
"SAMSONITE",6512,7,"Bengaluru"
"V. I. P. LOUNGE",6512,7,"Bengaluru"
"FAST TRACK",6512,6,"Bengaluru"
"HIDESIGN",6512,5,"Bengaluru"
"NEW PRASHANTH HOTEL",7011,4,"Bengaluru"
"FAB HOTELS",7011,3,"Bengaluru"
"HOTEL EMPIRE",7011,3,"Bengaluru"
"REGUS-BANGALORE",7011,3,"Bengaluru"
"SRI BALAJI RESIDENCY",7011,3,"Bengaluru"
"SRI BALAJI PG FOR GENTS",7013,11,"Bengaluru"
"SRI SAI PG FOR LADIES",7013,10,"Bengaluru"
"PG FOR LADIES",7013,9,"Bengaluru"
"SRI VENKATESHWARA PG FOR GENTS",7013,9,"Bengaluru"
"SRI SAI PG FOR GENTS",7013,8,"Bengaluru"
"K S R T C TRAVEL HOUSE",7389,2,"Bengaluru"
"SUGAMA TOURIST",7389,2,"Bengaluru"
"AMRUTHA HOLIDAYS",7389,1,"Bengaluru"
"ASIAN WORLD TOURS",7389,1,"Bengaluru"
"AVIAATION HOLIDAYS",7389,1,"Bengaluru"
"MARUTHI CABS",7510,2,"Bengaluru"
"SAM TOURS & TRAVELS",7510,2,"Bengaluru"
"SKY WINGS CAR RENTALS",7510,2,"Bengaluru"
"SRI MARUTHI TOURS & TRAVELS",7510,2,"Bengaluru"
"24. 7 TOURS & TRAVELS",7510,1,"Bengaluru"
"PARKING LOT",7520,8,"Bengaluru"
"CENTRAL PARKING SERVICES",7520,4,"Bengaluru"
"MULTI LEVEL CAR PARKING",7520,4,"Bengaluru"
"PARKING",7520,4,"Bengaluru"
"BBMP FREE TWO WHEELER PARKING",7520,2,"Bengaluru"
"ADYAR ANANDA BHAVAN PARKING LOT",7521,1,"Bengaluru"
"ASCENDAS PARK SQUARE PARKING",7521,1,"Bengaluru"
"BANGALORE CENTRAL CAR PARKING",7521,1,"Bengaluru"
"BMTC JAYANAGAR CAR & TWO WHEELER PARKING",7521,1,"Bengaluru"
"BRIDGEWAY FAMILY RESTAURANT PARKING AREA",7521,1,"Bengaluru"
"SRI BALAJI AUTOMOBILES",7538,19,"Bengaluru"
"ADVAITH HYUNDAI",7538,15,"Bengaluru"
"3M CAR CARE",7538,14,"Bengaluru"
"SRI SAI MOTORS",7538,12,"Bengaluru"
"SRI VINAYAKA MOTORS",7538,12,"Bengaluru"
"GOPALAN CINEMAS",7832,3,"Bengaluru"
"SRI VENKATESHWARA THEATRE",7832,3,"Bengaluru"
"SRI VINAYAKA THEATRE",7832,3,"Bengaluru"
"BALAJI THEATRE",7832,2,"Bengaluru"
"CAUVERY THEATRE",7832,2,"Bengaluru"
"ATO PARKING",7897,2,"Bengaluru"
"CAR PARKING",7897,2,"Bengaluru"
"CREW REST ROOM",7897,1,"Bengaluru"
"HYUNDAI BLUE HYUNDAI SERVICE CENTRE",7897,1,"Bengaluru"
"MUMMY DADDY PARK",7897,1,"Bengaluru"
"BHARATHANATYAM CLASSES",7929,4,"Bengaluru"
"SRI SHARADA MUSIC SCHOOL",7929,3,"Bengaluru"
"MAYIN ART CLASSES",7929,2,"Bengaluru"
"MSV DANCING STARS",7929,2,"Bengaluru"
"NATYALAYA",7929,2,"Bengaluru"
"AMOEBA",7933,2,"Bengaluru"
"AMEOBA",7933,1,"Bengaluru"
"AMOEBA BOWLING CENTER",7933,1,"Bengaluru"
"BLUO RHYTHM & BOWL",7933,1,"Bengaluru"
"GO BOWLING",7933,1,"Bengaluru"
"BBMP PLAY GROUND",7940,3,"Bengaluru"
"BBMP-PLAY GROUND",7940,2,"Bengaluru"
"DR AMBEDKAR STADIUM",7940,2,"Bengaluru"
"INDIRANAGAR CLUB-MAIN ENTRANCE",7940,2,"Bengaluru"
"INDOOR STADIUM",7940,2,"Bengaluru"
"BBMP PARK",7947,162,"Bengaluru"
"B B M P PARK",7947,43,"Bengaluru"
"BBMP PARK-ENTRANCE 1",7947,12,"Bengaluru"
"BBMP PARK-MAIN ENTRANCE",7947,12,"Bengaluru"
"BBMP PARK-SOUTH ZONE",7947,10,"Bengaluru"
"AARPEE ASHRAYA KALYANA MANTAPA",7990,1,"Bengaluru"
"ABHIMAANI INN AND CONVENTION CENTRE",7990,1,"Bengaluru"
"ABSTRACT ART GALLERY",7990,1,"Bengaluru"
"B. R. S. CONVENTION HALL",7990,1,"Bengaluru"
"BANGALORE UNIVERSITY KALA BHAVANA",7990,1,"Bengaluru"
"BANGALORE GOLF CLUB-MAIN GATE",7992,1,"Bengaluru"
"BANGALORE GOLF COURSE",7992,1,"Bengaluru"
"BANGALORE GOLF COURSE-ENTRANCE 1",7992,1,"Bengaluru"
"DRDO MINI GOLF COURSE",7992,1,"Bengaluru"
"KARNATAKA GOLF ASSOCIATION-ENTRANCE 1",7992,1,"Bengaluru"
"PRAJAPITA BRAHMA KUMARIS ISHWARIYA VISHWA VIDYALAYA",7994,20,"Bengaluru"
"BBMP COMMUNITY HALL",7994,14,"Bengaluru"
"COMMUNITY HALL",7994,8,"Bengaluru"
"NEW SHANTHI SAGAR PARTY HALL",7994,7,"Bengaluru"
"NANDHANA PARTY HALL",7994,6,"Bengaluru"
"CAFE VALUE XPRESS",7996,12,"Bengaluru"
"GIVE ME 5 CAFE",7996,2,"Bengaluru"
"HWEALTH CAFE",7996,2,"Bengaluru"
"REFRESH",7996,2,"Bengaluru"
"ALVAS CAFE",7996,1,"Bengaluru"
"BBMP PLAY GROUND",7997,37,"Bengaluru"
"GOLD'S GYM",7997,12,"Bengaluru"
"SNAP FITNESS",7997,12,"Bengaluru"
"SNAP FITNESS 24-7",7997,12,"Bengaluru"
"FITNESS CENTRE",7997,9,"Bengaluru"
"I PLAY",7998,1,"Bengaluru"
"SAKK ICE SKATING",7998,1,"Bengaluru"
"YUKTHASHREE ICE CUBES",7998,1,"Bengaluru"
"BEGUR LAKE",7999,2,"Bengaluru"
"HEBBAL LAKE",7999,2,"Bengaluru"
"AAVALAHALLI LAKE-SANNATAMMANAHALLI",7999,1,"Bengaluru"
"AGARA LAKE",7999,1,"Bengaluru"
"AGRAHARA LAKE",7999,1,"Bengaluru"
"BBMP MATERNITY HOSPITAL",8060,5,"Bengaluru"
"BBMP MATERNITY HOSPITAL-ER",8060,5,"Bengaluru"
"GOVERNMENT HOSPITAL",8060,5,"Bengaluru"
"GOVERNMENT HOSPITAL-ER",8060,5,"Bengaluru"
"MOTHERHOOD HOSPITAL",8060,5,"Bengaluru"
"GOVERNMENT FIRST GRADE COLLEGE",8200,19,"Bengaluru"
"KARNATAKA STATE OPEN UNIVERSITY",8200,17,"Bengaluru"
"SIKKIM MANIPAL UNIVERSITY",8200,13,"Bengaluru"
"PRAJAPITA BRAHMA KUMARIS ISHWARIYA VISHWA VIDYALAYA",8200,9,"Bengaluru"
"TRIUMPHANT INSTITUTE OF MANAGEMENT EDUCATION",8200,7,"Bengaluru"
"GOVERNMENT HIGHER PRIMARY SCHOOL",8211,270,"Bengaluru"
"ANGANWADIKENDRA",8211,242,"Bengaluru"
"GOVERNMENT LOWER PRIMARY SCHOOL",8211,225,"Bengaluru"
"HIGHER PRIMARY SCHOOL",8211,200,"Bengaluru"
"GOVERNMENT MODEL PRIMARY SCHOOL",8211,101,"Bengaluru"
"CITY CENTRAL LIBRARY-NORTH ZONE",8231,14,"Bengaluru"
"CITY CENTRAL LIBRARY",8231,11,"Bengaluru"
"PUBLIC LIBRARY",8231,9,"Bengaluru"
"CITY CENTRAL LIBRARY-EAST ZONE",8231,8,"Bengaluru"
"LIBRARY",8231,7,"Bengaluru"
"AGRICULTURAL SCIENCES MUSEUM",8410,1,"Bengaluru"
"BANGLORE MUSEUM",8410,1,"Bengaluru"
"D V GUNDAPPA ART GALLERY",8410,1,"Bengaluru"
"DR. B. R. AMBEDKAR MUSEUM",8410,1,"Bengaluru"
"GUDI AN HERITAGE HUT",8410,1,"Bengaluru"
"SIR PUTTANNA CHETTY TOWN HALL",9121,1,"Bengaluru"
"HIGH COURT OF KARNATAKA",9211,3,"Bengaluru"
"ASSISTANT COMMISSIONERS COURT",9211,1,"Bengaluru"
"CENTRAL GOVERNMENT INDUSTRIAL TRIBUNAL-CUM-LABOUR COURT",9211,1,"Bengaluru"
"CHIEF METROPOLITAN MAGISTRATE COURT",9211,1,"Bengaluru"
"CIVIL COURTS COMPLEX",9211,1,"Bengaluru"
"POLICE STATION-BANASHANKARI",9221,2,"Bengaluru"
"POLICE STATION-CHAMARAJPET",9221,2,"Bengaluru"
"POLICE STATION-CUBBON PARK",9221,2,"Bengaluru"
"POLICE STATION-KODIGEHALLI",9221,2,"Bengaluru"
"POLICE STATION-WHITEFIELD",9221,2,"Bengaluru"
"BBMP CONTACT POINT",9525,86,"Bengaluru"
"BBMP OFFICE",9525,47,"Bengaluru"
"BANGALORE ONE",9525,38,"Bengaluru"
"B B M P CONTACT POINT",9525,21,"Bengaluru"
"BBMP HELP POINT",9525,20,"Bengaluru"
"DARMARAM COLLEGE POST OFFICE",9530,2,"Bengaluru"
"POST OFFICE-BAGALAGUNTE",9530,2,"Bengaluru"
"POST OFFICE-BANGALORE CITY M D G",9530,2,"Bengaluru"
"POST OFFICE-JEEVANBHIMANAGAR",9530,2,"Bengaluru"
"POST OFFICE-ST THOMAS TOWN",9530,2,"Bengaluru"
"MANJUNATHA BAR & RESTAURANT",9532,9,"Bengaluru"
"SRINIVASA BAR & RESTAURANT",9532,9,"Bengaluru"
"SRI MANJUNATHA BAR & RESTAURANT",9532,8,"Bengaluru"
"THIRUMALA BAR & RESTAURANT",9532,7,"Bengaluru"
"BALAJI BAR & RESTAURANT",9532,6,"Bengaluru"
"MOTHER DAIRY-NANDINI",9535,315,"Bengaluru"
"FAIR PRICE SHOP",9535,89,"Bengaluru"
"MORE",9535,77,"Bengaluru"
"RELIANCE FRESH",9535,49,"Bengaluru"
"SRI VENKATESHWARA PROVISION STORES",9535,35,"Bengaluru"
"BATA",9537,86,"Bengaluru"
"RAYMOND",9537,52,"Bengaluru"
"LIBERTY",9537,47,"Bengaluru"
"PETER ENGLAND",9537,46,"Bengaluru"
"RELIANCE TRENDS",9537,44,"Bengaluru"
"PRESTIGE SMART KITCHEN",9560,78,"Bengaluru"
"ZUARI FURNITURE",9560,34,"Bengaluru"
"GILMA",9560,23,"Bengaluru"
"MAHADEV HOME APPLIANCES",9560,17,"Bengaluru"
"BABA BEDDING HOUSE",9560,16,"Bengaluru"
"MEDPLUS",9565,229,"Bengaluru"
"APOLLO PHARMACY",9565,169,"Bengaluru"
"TRUST",9565,53,"Bengaluru"
"SRI BALAJI MEDICALS",9565,49,"Bengaluru"
"GANESH MEDICALS",9565,37,"Bengaluru"
"BAMUL NANDINI",9567,555,"Bengaluru"
"NANDINI MILK PARLOUR",9567,188,"Bengaluru"
"JUST BAKE",9567,135,"Bengaluru"
"MOTHER DAIRY",9567,77,"Bengaluru"
"KANTI SWEETS",9567,68,"Bengaluru"
"DECATHLON",9568,8,"Bengaluru"
"REEBOK",9568,8,"Bengaluru"
"NIKE",9568,7,"Bengaluru"
"ADIDAS",9568,5,"Bengaluru"
"WELCARE",9568,5,"Bengaluru"
"DENTAL CLINIC",9583,50,"Bengaluru"
"SRINIVASA CLINIC",9583,50,"Bengaluru"
"ASHWINI CLINIC",9583,49,"Bengaluru"
"SRI VENKATESHWARA CLINIC",9583,36,"Bengaluru"
"DR LAL PATHLABS",9583,35,"Bengaluru"
"SRI LAKSHMI VENKATESHWARA NILAYA",9590,120,"Bengaluru"
"SRI VENKATESHWARA NILAYA",9590,100,"Bengaluru"
"SRI MANJUNATHA NILAYA",9590,46,"Bengaluru"
"SRI MARUTHI NILAYA",9590,46,"Bengaluru"
"SRI NANJUNDESHWARA NILAYA",9590,45,"Bengaluru"
"HINDU CEMETERY",9591,5,"Bengaluru"
"HINDUS CEMETERY",9591,4,"Bengaluru"
"MUSLIM CEMETERY",9591,4,"Bengaluru"
"HINDU'S CEMETERY",9591,3,"Bengaluru"
"CEMETERY",9591,2,"Bengaluru"
"VIJAYANAND TRAVELS",9593,52,"Bengaluru"
"K S R T C TRAVEL HOUSE",9593,48,"Bengaluru"
"SRS TRAVELS",9593,36,"Bengaluru"
"KSRTC TRAVEL HOUSE",9593,17,"Bengaluru"
"NATIONAL TRAVELS",9593,15,"Bengaluru"
"SRI LAKSHMI ELECTRICALS",9595,13,"Bengaluru"
"SRI VINAYAKA ELECTRICALS",9595,13,"Bengaluru"
"LAKSHMI ELECTRICALS",9595,10,"Bengaluru"
"SRI MANJUNATHA ELECTRICALS",9595,10,"Bengaluru"
"BALAJI ELECTRICALS",9595,8,"Bengaluru"
"SIP ACADEMY-ABACUS & AMAL",9596,31,"Bengaluru"
"CADD CENTRE",9596,21,"Bengaluru"
"NIIT",9596,16,"Bengaluru"
"VETA",9596,14,"Bengaluru"
"GIRAFFE LEARNING",9596,13,"Bengaluru"
"BENGALURU TOLL PLAZA",9717,5,"Bengaluru"
"ELECTRONIC CITY TOLL PLAZA",9717,1,"Bengaluru"
"HOSAKEREHALLI TOLL PLAZA",9717,1,"Bengaluru"
"NANDI ECONOMIC CORRIDOR ENTERPRISES",9717,1,"Bengaluru"
"NAVAYUGA BENGALOORU TOLLWAYS",9717,1,"Bengaluru"
"ANIMAL PARK",9718,1,"Bengaluru"
"AQUA PETS",9718,1,"Bengaluru"
"FRIENDS AQUARIUM",9718,1,"Bengaluru"
"GLOBAL AQUA PETS AND GARDEN STORE",9718,1,"Bengaluru"
"NEW MANGALORE FISH CENTER",9718,1,"Bengaluru"
"PRERANA MOTORS-TATA",9719,3,"Bengaluru"
"ACETEC MOTORS-APE TRUCK",9719,1,"Bengaluru"
"AKSHARA MOTORS-ASHOK LEYLAND",9719,1,"Bengaluru"
"ARAVIND MOTORS-MULTIBRAND",9719,1,"Bengaluru"
"ARAVIND MOTORS-TATA",9719,1,"Bengaluru"
"DR B R AMBEDKAR CIRCLE",9730,4,"Bengaluru"
"KUVEMPU CIRCLE",9730,4,"Bengaluru"
"SHANKARNAG CIRCLE",9730,4,"Bengaluru"
"KEMPEGOWDA CIRCLE",9730,3,"Bengaluru"
"MALLESHWARAM CIRCLE",9730,3,"Bengaluru"
"BALAJI HARDWARE",9986,23,"Bengaluru"
"SRI VENKATESHWARA TRADERS",9986,22,"Bengaluru"
"SRI VINAYAKA ENTERPRISES",9986,20,"Bengaluru"
"MATHAJI HARDWARE",9986,19,"Bengaluru"
"SRI BALAJI ENTERPRISES",9986,18,"Bengaluru"
"SANGEETHA MOBILES",9987,65,"Bengaluru"
"UNIVERCELL",9987,63,"Bengaluru"
"AIRTEL",9987,50,"Bengaluru"
"AIRTEL STORE",9987,48,"Bengaluru"
"SANGEETHA",9987,47,"Bengaluru"
"DTDC",9988,24,"Bengaluru"
"SRI VINAYAKA ENTERPRISES",9988,15,"Bengaluru"
"THE PROFESSIONAL COURIERS",9988,15,"Bengaluru"
"SRI MANJUNATHA ENTERPRISES",9988,13,"Bengaluru"
"BALAJI ENTERPRISES",9988,10,"Bengaluru"
"SHAHI EXPORTS",9991,14,"Bengaluru"
"OM SHAKTHI INDUSTRIES",9991,9,"Bengaluru"
"BALAJI INDUSTRIES",9991,7,"Bengaluru"
"SRI RAGHAVENDRA INDUSTRIES",9991,7,"Bengaluru"
"LAKSHMI INDUSTRIES",9991,6,"Bengaluru"
"SRI MUNESHWARA SWAMY TEMPLE",9992,227,"Bengaluru"
"SRI ANJANEYA SWAMY TEMPLE",9992,84,"Bengaluru"
"SRI MUNESHWARASWAMY TEMPLE",9992,63,"Bengaluru"
"SRI SHANESHWARA SWAMY TEMPLE",9992,62,"Bengaluru"
"SRI VINAYAKA TEMPLE",9992,57,"Bengaluru"
"CONSULATE-GENERAL OF JAPAN",9993,1,"Bengaluru"
"CONSULATE GENERAL OF FRANCE",9993,1,"Bengaluru"
"EMBASSY OF ESPANA",9993,1,"Bengaluru"
"GERMAN CONSULATE GENERAL",9993,1,"Bengaluru"
"HONORARY CONSULATE OF SPAIN",9993,1,"Bengaluru"
"JUST BOOKS",9995,16,"Bengaluru"
"JUST BOOKS CLC",9995,11,"Bengaluru"
"SAPNA BOOK HOUSE",9995,9,"Bengaluru"
"CROSSWORD",9995,8,"Bengaluru"
"BOOK FAIR",9995,4,"Bengaluru"
"CAFE COFFEE DAY",9996,232,"Bengaluru"
"BARISTA",9996,31,"Bengaluru"
"CUPPA",9996,26,"Bengaluru"
"CHAI POINT",9996,25,"Bengaluru"
"FRESH & GROUND",9996,18,"Bengaluru"
"YESVANTPUR",9998,4,"Bengaluru"
"GUDDADAHALLI",9998,3,"Bengaluru"
"HOSAHALLI",9998,3,"Bengaluru"
"VADDARAPALYA",9998,3,"Bengaluru"
"AERODROME",9998,2,"Bengaluru"
"STATE BANK OF INDIA",3578,248,"Bhopal"
"AXIS BANK",3578,91,"Bhopal"
"ICICI BANK",3578,79,"Bhopal"
"PUNJAB NATIONAL BANK",3578,71,"Bhopal"
"BANK OF INDIA",3578,62,"Bhopal"
"MANAPPURAM FINANCE",5000,22,"Bhopal"
"MP ONLINE",5000,22,"Bhopal"
"MUTHOOT FINANCE",5000,18,"Bhopal"
"LIC",5000,17,"Bhopal"
"WESTERN UNION MONEY TRANSFER",5000,13,"Bhopal"
"POOJA KIRANA STORE",5400,13,"Bhopal"
"JAIN KIRANA STORE",5400,10,"Bhopal"
"GUPTA KIRANA STORE",5400,9,"Bhopal"
"RAJ KIRANA STORE",5400,9,"Bhopal"
"SAHU KIRANA STORE",5400,9,"Bhopal"
"CI HYUNDAI",5511,3,"Bhopal"
"CI MOTORS",5511,3,"Bhopal"
"SAI-FORD",5511,3,"Bhopal"
"SAGAR AUTOTECH-SKODA",5511,2,"Bhopal"
"SATYAM MOTORS",5511,2,"Bhopal"
"CAR WORLD",5512,4,"Bhopal"
"SAI-FORD",5512,2,"Bhopal"
"A K AUTO PROPERTY DEALER",5512,1,"Bhopal"
"A STAR AUTO DEAL",5512,1,"Bhopal"
"A. K. AUTO PROPERTY",5512,1,"Bhopal"
"ATTRACTIVE TVS",5571,4,"Bhopal"
"RAJPAL HONDA",5571,4,"Bhopal"
"VARENYAM HERO",5571,3,"Bhopal"
"BGS HONDA",5571,2,"Bhopal"
"HARIOM YAMAHA",5571,2,"Bhopal"
"DOMINO'S PIZZA",5800,13,"Bhopal"
"PIZZA HUT",5800,8,"Bhopal"
"UDIPI RESTAURANT",5800,5,"Bhopal"
"ABHISHEK RESTAURANT",5800,4,"Bhopal"
"AL-BEIK",5800,4,"Bhopal"
"MP ONLINE",5813,2,"Bhopal"
"AAKASH MUSIC",5813,1,"Bhopal"
"ADITYA MUSIC",5813,1,"Bhopal"
"AFTER DARK DISCO",5813,1,"Bhopal"
"AMER MAJESTIC",5813,1,"Bhopal"
"STATE BANK OF INDIA",6000,71,"Bhopal"
"BANK OF INDIA",6000,25,"Bhopal"
"BANK OF BARODA",6000,22,"Bhopal"
"HDFC BANK",6000,17,"Bhopal"
"ALLAHABAD BANK",6000,16,"Bhopal"
"BIG BAZAAR",6512,3,"Bhopal"
"AAPURTI SHOPPING MALL",6512,2,"Bhopal"
"KABULIWALA SHOPPING MALL",6512,2,"Bhopal"
"METRO PLAZA",6512,2,"Bhopal"
"ONDOOR SUPER STORE",6512,2,"Bhopal"
"HOTEL ATISHAY",7011,4,"Bhopal"
"HOTEL ADITYA PALACE",7011,3,"Bhopal"
"HOTEL BHOPAL PALACE",7011,3,"Bhopal"
"HOTEL SUN PARK",7011,3,"Bhopal"
"GRAND HOTEL",7011,2,"Bhopal"
"NEW STAR GARAGE",7538,11,"Bhopal"
"ROYAL MOTORS",7538,7,"Bhopal"
"BHOPAL AUTO PARTS",7538,6,"Bhopal"
"JAIN MOTORS",7538,6,"Bhopal"
"LAXMI AUTO PARTS",7538,6,"Bhopal"
"ALPANA CINEPLEX",7832,2,"Bhopal"
"CINEPOLIS",7832,2,"Bhopal"
"INOX",7832,2,"Bhopal"
"4D CINEMA",7832,1,"Bhopal"
"5D CINEMA",7832,1,"Bhopal"
"A SCHOOL CREATIVE PERFORMING ART KATHAK & VOCAL",7929,1,"Bhopal"
"ADIWASI KALA KENDRA",7929,1,"Bhopal"
"BHARAT BHAWAN",7929,1,"Bhopal"
"RAVINDRA BHAVAN",7929,1,"Bhopal"
"PARK",7947,23,"Bhopal"
"ARERA COLONY PARK",7947,3,"Bhopal"
"BMC GARDEN",7947,2,"Bhopal"
"CHILDREN PARK",7947,2,"Bhopal"
"CHINAR PARK",7947,2,"Bhopal"
"BHEL GOLF COURSE",7992,1,"Bhopal"
"BHOPAL MEMORIAL HOSPITAL",8060,4,"Bhopal"
"BHOPAL MEMORIAL HOSPITAL-ER",8060,4,"Bhopal"
"ASTHA HOSPITAL",8060,3,"Bhopal"
"ASTHA HOSPITAL-ER",8060,3,"Bhopal"
"CHAUDHARY HOSPITAL",8060,3,"Bhopal"
"INDIRA GANDHI NATIONAL OPEN UNIVERSITY",8200,3,"Bhopal"
"KOPAL COLLEGE",8200,3,"Bhopal"
"SCOPE COLLEGE OF ENGINEERING",8200,3,"Bhopal"
"ABHILASHA COLLEGE OF EDUCATION",8200,2,"Bhopal"
"BATRA NURSING COLLEGE",8200,2,"Bhopal"
"GOVERNMENT PRIMARY SCHOOL",8211,15,"Bhopal"
"ANGANWADI",8211,10,"Bhopal"
"KIDZEE",8211,10,"Bhopal"
"RED ROSE SCHOOL",8211,6,"Bhopal"
"BACHPAN PLAY SCHOOL",8211,5,"Bhopal"
"ABHISHEK BOOK DEPOT",8231,1,"Bhopal"
"ADHYAYAN LIBRARY & READING ROOM",8231,1,"Bhopal"
"ALLAMA SYED SULAIMAN NADWI LIBRARY",8231,1,"Bhopal"
"AYUSH BOOKS & STATIONERY",8231,1,"Bhopal"
"BIBLO SCIENCE LIBRARY",8231,1,"Bhopal"
"BHARAT BHAVAN",8410,1,"Bhopal"
"BIJAKSHARA SANGRAHALAYA",8410,1,"Bhopal"
"BIRLA MUSEUM",8410,1,"Bhopal"
"DIRECTORATE ARCHAEOLOGY ARCHIVES & MUSEUMS",8410,1,"Bhopal"
"DUSHYANT PANDULIPI SANGRAHALAYA",8410,1,"Bhopal"
"BAR & PUB",9532,1,"Bhopal"
"BLACK & MAMBA PUB & DISCO",9532,1,"Bhopal"
"DELHI DARBAR",9532,1,"Bhopal"
"DRINX EXCHANGE",9532,1,"Bhopal"
"HOTEL MAANPREET BAR",9532,1,"Bhopal"
"ONDOOR SUPER STORE",9535,10,"Bhopal"
"RELIANCE FRESH",9535,7,"Bhopal"
"KIRANA STORE",9535,4,"Bhopal"
"VISHAL MEGA MART",9535,3,"Bhopal"
"BEST PRICE",9535,2,"Bhopal"
"KRISHNA COLLECTION",9537,13,"Bhopal"
"SAI COLLECTION",9537,12,"Bhopal"
"WOODLAND",9537,11,"Bhopal"
"BATA",9537,10,"Bhopal"
"FASHION POINT",9537,9,"Bhopal"
"VINAYAK FURNITURE",9560,5,"Bhopal"
"VISHWAKARMA FURNITURE",9560,5,"Bhopal"
"AASHIRWAD FURNITURE",9560,4,"Bhopal"
"BHARAT FURNITURE",9560,4,"Bhopal"
"FINE FURNITURE",9560,4,"Bhopal"
"SHIV MEDICAL STORE",9565,10,"Bhopal"
"VISHAL MEDICAL STORE",9565,10,"Bhopal"
"OM MEDICAL STORE",9565,9,"Bhopal"
"APNA MEDICAL STORE",9565,8,"Bhopal"
"RAJ MEDICAL STORE",9565,8,"Bhopal"
"TOP N TOWN",9567,33,"Bhopal"
"SANCHI MILK PARLOUR",9567,27,"Bhopal"
"ENGLISH WINE SHOP",9567,24,"Bhopal"
"SHRI KRISHNA DAIRY",9567,12,"Bhopal"
"KUBER DAIRY",9567,9,"Bhopal"
"PUNJAB CYCLE STORE",9568,3,"Bhopal"
"AMBA SPORTS",9568,2,"Bhopal"
"ARERA SPORTS",9568,2,"Bhopal"
"ASHOK CYCLE STORE",9568,2,"Bhopal"
"AWASTHY SPORTS",9568,2,"Bhopal"
"DENTAL CLINIC",9583,32,"Bhopal"
"DR LAL PATHLABS",9583,22,"Bhopal"
"HOMEOPATHIC CLINIC",9583,17,"Bhopal"
"HEALTH CARE CLINIC",9583,15,"Bhopal"
"VIKAS CLINIC",9583,13,"Bhopal"
"TUITION CLASSES",9596,10,"Bhopal"
"PARADISE COMPUTER CLASSES",9596,6,"Bhopal"
"BRITISH INSTITUTE",9596,5,"Bhopal"
"ALOK LAW CLASSES",9596,4,"Bhopal"
"COMPUTER CLASSES",9596,4,"Bhopal"
"ANUJ TRADERS",9719,1,"Bhopal"
"BALRAM TRACTORS",9719,1,"Bhopal"
"CHABRA MARINE SPARE-ASHOK LEYLAND",9719,1,"Bhopal"
"CHAUDHARY TRACTOR AGENCIES",9719,1,"Bhopal"
"DMW E RICKSHAW",9719,1,"Bhopal"
"ARIHANT TRADERS",9986,7,"Bhopal"
"DEEP TRADERS",9986,7,"Bhopal"
"BHARAT TRADERS",9986,6,"Bhopal"
"BHOPAL STEEL",9986,6,"Bhopal"
"GUPTA TRADERS",9986,6,"Bhopal"
"RELIANCE MOBILE STORE",9987,13,"Bhopal"
"JIO STORE",9987,10,"Bhopal"
"THE MOBILE STORE",9987,10,"Bhopal"
"JIO DIGITAL LIFE",9987,9,"Bhopal"
"KRISHNA MOBILE",9987,8,"Bhopal"
"MP ONLINE",9988,24,"Bhopal"
"DTDC",9988,10,"Bhopal"
"BOOK PARADISE",9988,5,"Bhopal"
"ANKIT ENTERPRISES",9988,4,"Bhopal"
"ANUJ ENTERPRISES",9988,4,"Bhopal"
"ALBERT DAVID",9991,2,"Bhopal"
"MANDIDEEP INDUSTRIAL AREA",9991,2,"Bhopal"
"A M COMMUNICATIONS",9991,1,"Bhopal"
"ACCURATE ENDOS",9991,1,"Bhopal"
"ADITYA INDUSTRIES",9991,1,"Bhopal"
"BOOK POINT",9995,4,"Bhopal"
"BOOK HOUSE",9995,3,"Bhopal"
"JYOTI BOOK DEPOT",9995,3,"Bhopal"
"KITAB GHAR",9995,3,"Bhopal"
"ROYAL BOOK HOUSE",9995,3,"Bhopal"
"CAFE COFFEE DAY",9996,12,"Bhopal"
"INDIAN COFFEE HOUSE",9996,8,"Bhopal"
"MAHAKAL TEA STALL",9996,2,"Bhopal"
"16 MIN BREAK CAFE",9996,1,"Bhopal"
"AARTI TEA STALL",9996,1,"Bhopal"
"STATE BANK OF INDIA",3578,157,"Bhubaneswar"
"AXIS BANK",3578,66,"Bhubaneswar"
"HDFC BANK",3578,41,"Bhubaneswar"
"BANK OF INDIA",3578,39,"Bhubaneswar"
"ICICI BANK",3578,33,"Bhubaneswar"
"MANAPPURAM FINANCE",5000,11,"Bhubaneswar"
"LIFE INSURANCE CORPORATION",5000,6,"Bhubaneswar"
"LIFE INSURANCE CORPORATION OF INDIA",5000,6,"Bhubaneswar"
"CITICON ENGINEERS",5000,5,"Bhubaneswar"
"THE NEW INDIA ASSURANCE CO",5000,5,"Bhubaneswar"
"GROCERY",5400,6,"Bhubaneswar"
"VARIETY STORE",5400,5,"Bhubaneswar"
"GRAINS",5400,3,"Bhubaneswar"
"IN & OUT",5400,3,"Bhubaneswar"
"MAA SARALA VARIETY STORE",5400,3,"Bhubaneswar"
"AUDI SERVICE BHUBANESWAR",5511,2,"Bhubaneswar"
"BHARAT MOTORS-VOLKSWAGEN",5511,2,"Bhubaneswar"
"TATA",5511,2,"Bhubaneswar"
"ADITYA MOTORS",5511,1,"Bhubaneswar"
"ANANTA-NISSAN",5511,1,"Bhubaneswar"
"ADITYA AUTOMOBILES",5512,1,"Bhubaneswar"
"ADITYA HYUNDAI-ADVANTAGE PRE-OWNED CARS",5512,1,"Bhubaneswar"
"C. R. MOTORS",5512,1,"Bhubaneswar"
"CAPITAL-FORD",5512,1,"Bhubaneswar"
"DAS & CO",5512,1,"Bhubaneswar"
"NAVDURGA-BAJAJ AUTO",5571,3,"Bhubaneswar"
"ASHIRBAD-TVS MOTORS",5571,2,"Bhubaneswar"
"ROYAL ENFIELD",5571,2,"Bhubaneswar"
"3S MOTORS-VESPA",5571,1,"Bhubaneswar"
"AMBIKA-TVS",5571,1,"Bhubaneswar"
"MAA TARINI HOTEL",5800,9,"Bhubaneswar"
"MAA HOTEL",5800,7,"Bhubaneswar"
"MAA MANGALA HOTEL",5800,7,"Bhubaneswar"
"HOTEL MAA MANGALA",5800,6,"Bhubaneswar"
"DOMINO'S PIZZA",5800,5,"Bhubaneswar"
"ANJUMAN BAR & RESTAURANT-PRESS CHHAK",5813,1,"Bhubaneswar"
"ARISTO BAR & RESTAURANT",5813,1,"Bhubaneswar"
"BHUBANESWAR HOTEL ROYAL MIDTOWN",5813,1,"Bhubaneswar"
"DIBYANGANA DANCE ACADEMY",5813,1,"Bhubaneswar"
"HOTEL EKAMRA INN",5813,1,"Bhubaneswar"
"STATE BANK OF INDIA",6000,27,"Bhubaneswar"
"HDFC BANK",6000,14,"Bhubaneswar"
"ODISHA GRAMYA BANK",6000,12,"Bhubaneswar"
"UNITED BANK OF INDIA",6000,7,"Bhubaneswar"
"IDBI BANK",6000,6,"Bhubaneswar"
"BIG BAZAAR",6512,2,"Bhubaneswar"
"PANDA LIFESTYLE",6512,2,"Bhubaneswar"
"PANDA TRAVEL MART",6512,2,"Bhubaneswar"
"PANTALOONS",6512,2,"Bhubaneswar"
"THE WORLD",6512,2,"Bhubaneswar"
"HOTEL ROYAL INN",7011,2,"Bhubaneswar"
"HOTEL TAJ PALACE",7011,2,"Bhubaneswar"
"MAYFAIR LAGOON-ALTERNATIVE GATE-JAYADEV VIHAR",7011,2,"Bhubaneswar"
"AIRPORT HOTEL",7011,1,"Bhubaneswar"
"AMA ODISHA HOTEL-DAYANANDA NAGAR",7011,1,"Bhubaneswar"
"SAI AUTO WORKSHOP",7538,7,"Bhubaneswar"
"SAI MOTORS",7538,5,"Bhubaneswar"
"AUTO PARTS",7538,3,"Bhubaneswar"
"BASUNDHARA BIKE WORLD",7538,3,"Bhubaneswar"
"CAR FASHION",7538,3,"Bhubaneswar"
"AMAZING 7D RIDER",7832,1,"Bhubaneswar"
"EKAMRA TALKIES",7832,1,"Bhubaneswar"
"INOX-BHAWANI MALL",7832,1,"Bhubaneswar"
"INOX-DN REGALIA",7832,1,"Bhubaneswar"
"INOX-SYMPHONY MALL",7832,1,"Bhubaneswar"
"SUNDAY ART SCHOOL",7929,3,"Bhubaneswar"
"ANDHRA CULTURAL ASSOCIATION",7929,1,"Bhubaneswar"
"BHANJA KALAMANDAP",7929,1,"Bhubaneswar"
"BINAYAK DANCE SCHOOL",7929,1,"Bhubaneswar"
"GOPA BANDHU SMRITI SANSKRITA PARK",7929,1,"Bhubaneswar"
"10 DOWNING STREET",7933,1,"Bhubaneswar"
"THE CELLAR",7933,1,"Bhubaneswar"
"PARK",7947,7,"Bhubaneswar"
"BDA PARK",7947,6,"Bhubaneswar"
"CHILDREN'S PARK",7947,6,"Bhubaneswar"
"INDIRA GANDHI PARK",7947,3,"Bhubaneswar"
"BDA COLONY PARK",7947,2,"Bhubaneswar"
"BHUBANESWAR GOLF CLUB",7992,1,"Bhubaneswar"
"BHUBANESWAR GOLF COURSE",7992,1,"Bhubaneswar"
"GIANI",7998,1,"Bhubaneswar"
"MUCH MORE",7998,1,"Bhubaneswar"
"JAGANNATH HOSPITAL",8060,2,"Bhubaneswar"
"JAGANNATH HOSPITAL-ER",8060,2,"Bhubaneswar"
"KALINGA HOSPITAL",8060,2,"Bhubaneswar"
"KALINGA HOSPITAL-ER",8060,2,"Bhubaneswar"
"USTHI HOSPITAL & RESEARCH CENTRE",8060,2,"Bhubaneswar"
"INDIRA GANDHI NATIONAL OPEN UNIVERSITY",8200,6,"Bhubaneswar"
"GANDHI INSTITUTE FOR TECHNOLOGICAL ADVANCEMENT",8200,3,"Bhubaneswar"
"KRUPAJAL ENGINEERING COLLEGE",8200,3,"Bhubaneswar"
"PUNJAB TECHNICAL UNIVERSITY",8200,3,"Bhubaneswar"
"ARYA SCHOOL OF MANAGEMENT & INFORMATION TECHNOLOGY",8200,2,"Bhubaneswar"
"SARASWATI SISHU VIDYA MANDIR",8211,8,"Bhubaneswar"
"GOVERNMENT HIGH SCHOOL",8211,7,"Bhubaneswar"
"VIVEKANANDA SHIKSHA KENDRA",8211,7,"Bhubaneswar"
"BACHPAN",8211,6,"Bhubaneswar"
"KENDRIYA VIDYALAYA",8211,6,"Bhubaneswar"
"AZAD CLUB & LIBRARY",8231,1,"Bhubaneswar"
"BAKUL PUBLIC LIBRARY",8231,1,"Bhubaneswar"
"BRANCH LIBRARY PULIK KUNDRAM",8231,1,"Bhubaneswar"
"BYASH KABI FAKIR MOHAN BHAWAN",8231,1,"Bhubaneswar"
"CENTRAL LIBRARY",8231,1,"Bhubaneswar"
"EDUCATIONAL MUSEUM",8410,1,"Bhubaneswar"
"INSTITUTE OF MATERIALS SCIENCE",8410,1,"Bhubaneswar"
"REGIONAL MUSEUM OF NATURAL SCIENCE",8410,1,"Bhubaneswar"
"STATE HANDICRAFT MUSEUM",8410,1,"Bhubaneswar"
"STATE JAWAHAR BAL BHAVAN",8410,1,"Bhubaneswar"
"ADDA",9532,1,"Bhubaneswar"
"AJIT BAR & RESTAURANT",9532,1,"Bhubaneswar"
"ARISTO BAR",9532,1,"Bhubaneswar"
"ASHOKA BAR",9532,1,"Bhubaneswar"
"CELEBRATION",9532,1,"Bhubaneswar"
"BMC OMFED",9535,26,"Bhubaneswar"
"RELIANCE FRESH",9535,11,"Bhubaneswar"
"MAA MANGALA VARIETY STORE",9535,9,"Bhubaneswar"
"MAA TARINI VARIETY STORE",9535,7,"Bhubaneswar"
"JAGANNATH STORE",9535,6,"Bhubaneswar"
"DUKE",9537,9,"Bhubaneswar"
"LEE",9537,9,"Bhubaneswar"
"TRIGGER",9537,9,"Bhubaneswar"
"PETER ENGLAND",9537,8,"Bhubaneswar"
"TURTLE",9537,8,"Bhubaneswar"
"PRESTIGE SMART KITCHEN",9560,6,"Bhubaneswar"
"SMART KITCHEN",9560,5,"Bhubaneswar"
"BOMBAY DYEING",9560,3,"Bhubaneswar"
"MAA SARALA FURNITURE",9560,3,"Bhubaneswar"
"SUBHAM LAMINATES",9560,3,"Bhubaneswar"
"APOLLO PHARMACY",9565,22,"Bhubaneswar"
"MEDPLUS",9565,15,"Bhubaneswar"
"MEDICINE",9565,8,"Bhubaneswar"
"MAA TARINI MEDICINE STORE",9565,6,"Bhubaneswar"
"JAN AUSHADHI STORE",9565,5,"Bhubaneswar"
"BMC OMFED",9567,20,"Bhubaneswar"
"MONGINIS",9567,16,"Bhubaneswar"
"COOKIES",9567,14,"Bhubaneswar"
"1 BAKE SHOP",9567,12,"Bhubaneswar"
"F. L OFF SHOP",9567,12,"Bhubaneswar"
"SAI SPORTS",9568,3,"Bhubaneswar"
"MAHESH SPORTS",9568,2,"Bhubaneswar"
"ODISHA AUTOMOBILES",9568,2,"Bhubaneswar"
"OLYMPIC SPORTS",9568,2,"Bhubaneswar"
"AFTON HEALTH AND FITNESS EQUIPMENT",9568,1,"Bhubaneswar"
"HOMEO CLINIC",9583,17,"Bhubaneswar"
"DENTAL CLINIC",9583,14,"Bhubaneswar"
"DR LAL PATHLABS",9583,13,"Bhubaneswar"
"HOMOEOPATHIC CLINIC",9583,7,"Bhubaneswar"
"DENTAL CARE",9583,6,"Bhubaneswar"
"CONFIDENCE FACTORY",9596,4,"Bhubaneswar"
"NIIT",9596,4,"Bhubaneswar"
"APTECH COMPUTER EDUCATION",9596,3,"Bhubaneswar"
"BIJU PATTANAIK COMPUTER ACADEMY",9596,3,"Bhubaneswar"
"CADD CENTRE",9596,3,"Bhubaneswar"
"FREEDOM AUTOMOBILES-PIAGGIO APE",9719,1,"Bhubaneswar"
"JAYASHREE AUTOMOBILES-HINDUSTAN MOTORS",9719,1,"Bhubaneswar"
"KISAN MOTORS-MAHINDRA TRACTOR",9719,1,"Bhubaneswar"
"MAHAVEER AUTO-ATUL GEM",9719,1,"Bhubaneswar"
"MAHINDRA",9719,1,"Bhubaneswar"
"HARDWARE SHOP",9986,5,"Bhubaneswar"
"BAJRANG TRADERS",9986,3,"Bhubaneswar"
"JAGANNATH HARDWARE STORE",9986,3,"Bhubaneswar"
"JAGANNATH SANITARY",9986,3,"Bhubaneswar"
"MAA TARINI TRADERS",9986,3,"Bhubaneswar"
"THE MOBILE STORE",9987,7,"Bhubaneswar"
"MAA COMMUNICATION",9987,5,"Bhubaneswar"
"PATRA ELECTRONICS",9987,5,"Bhubaneswar"
"RELIANCE MOBILE STORE",9987,5,"Bhubaneswar"
"SAI COMMUNICATION",9987,5,"Bhubaneswar"
"DTDC",9988,5,"Bhubaneswar"
"DIGITAL XEROX",9988,3,"Bhubaneswar"
"FLEX PRINT",9988,3,"Bhubaneswar"
"OMM COMMUNICATION",9988,3,"Bhubaneswar"
"XEROX",9988,3,"Bhubaneswar"
"ADITYA SOLAR SHOP",9991,1,"Bhubaneswar"
"AMBEDKAR EDUCATION COMPLEX",9991,1,"Bhubaneswar"
"ASSOCIATION OF INDUSTRIAL ENTREPRENEURS OF BHUBANESWAR",9991,1,"Bhubaneswar"
"BIBHUTI BHAI'S COLD STORE",9991,1,"Bhubaneswar"
"BRICKLEAN",9991,1,"Bhubaneswar"
"BOOK STORE",9995,5,"Bhubaneswar"
"MAA SARALA BOOK STORE",9995,4,"Bhubaneswar"
"SHREE BOOK STORE",9995,4,"Bhubaneswar"
"TARINI BOOK STORE",9995,4,"Bhubaneswar"
"BOOK SHOP",9995,3,"Bhubaneswar"
"CAFE COFFEE DAY",9996,16,"Bhubaneswar"
"COFFEE SHOP",9996,3,"Bhubaneswar"
"TAE SHOP",9996,3,"Bhubaneswar"
"BMC",9996,2,"Bhubaneswar"
"COFFEE BREAK",9996,2,"Bhubaneswar"
"STATE BANK OF INDIA",3578,59,"Cuttack"
"AXIS BANK",3578,35,"Cuttack"
"HDFC BANK",3578,25,"Cuttack"
"ICICI BANK",3578,21,"Cuttack"
"UNITED BANK OF INDIA",3578,10,"Cuttack"
"MANAPPURAM FINANCE",5000,8,"Cuttack"
"LIC",5000,5,"Cuttack"
"LIFE INSURANCE CORPORATION OF INDIA",5000,5,"Cuttack"
"MUTHOOT FINANCE",5000,5,"Cuttack"
"UNITED INDIA INSURANCE",5000,5,"Cuttack"
"GANAPATHI KIRANA AND GENERAL STORES",5400,3,"Cuttack"
"ASHA KIRANA AND GENERAL STORES",5400,2,"Cuttack"
"HAISHA KIRANA AND GENERAL STORES",5400,2,"Cuttack"
"HARISH GENERAL STORES",5400,2,"Cuttack"
"MAHALAXMI STORE",5400,2,"Cuttack"
"OSL HYUNDAI",5511,2,"Cuttack"
"UTKAL AUTOMOBILES",5511,2,"Cuttack"
"UTKAL HYUNDAI",5511,2,"Cuttack"
"ACE-TATA MOTORS",5511,1,"Cuttack"
"ACE AUTOCARS-FIAT",5511,1,"Cuttack"
"BEST VALUED USED CARS",5512,1,"Cuttack"
"ODISHA-FORD",5512,1,"Cuttack"
"ORISSA AUTOMOBILES",5512,1,"Cuttack"
"SARADA MOTORS",5512,1,"Cuttack"
"UTKAL-BAJAJ",5571,2,"Cuttack"
"ARNAPURNA TVS-TVS",5571,1,"Cuttack"
"ARNAPURNA TVS-TVS MOTORS",5571,1,"Cuttack"
"BAJAJ SERVICE",5571,1,"Cuttack"
"BEHERA AUTO SERVICE-BAJAJ",5571,1,"Cuttack"
"MONGINIS",5800,6,"Cuttack"
"MAA TARINI HOTEL",5800,5,"Cuttack"
"MAA MANGALA HOTEL",5800,3,"Cuttack"
"DURGA HOTEL",5800,2,"Cuttack"
"GAY-TOP RESTAURANT",5800,2,"Cuttack"
"BAR LAPALAMA",5813,1,"Cuttack"
"BIGHESHWAR CLUB",5813,1,"Cuttack"
"BLUE FOX BAR",5813,1,"Cuttack"
"BLUE STAR CLUB",5813,1,"Cuttack"
"CHAND CLUB",5813,1,"Cuttack"
"HDFC BANK",6000,6,"Cuttack"
"STATE BANK OF INDIA",6000,6,"Cuttack"
"ODISHA GRAMYA BANK",6000,5,"Cuttack"
"UNITED BANK OF INDIA",6000,5,"Cuttack"
"KOTAK MAHINDRA BANK",6000,3,"Cuttack"
"ANAND BAZAR",6512,1,"Cuttack"
"BAAZAR KOLKATA",6512,1,"Cuttack"
"BUXI BAZAR CHHAK",6512,1,"Cuttack"
"C S D CANTEEN",6512,1,"Cuttack"
"CITY LIFE",6512,1,"Cuttack"
"MAA TARINI HOTEL",7011,5,"Cuttack"
"BOMBAY HOTEL",7011,2,"Cuttack"
"LAXMI HOTEL-MADHU PATNA COLONY",7011,2,"Cuttack"
"MAA KALI HOTEL",7011,2,"Cuttack"
"MAA MANGALA HOTEL",7011,2,"Cuttack"
"BAJAJ SERVICE",7538,3,"Cuttack"
"MAHAVEER AUTO",7538,3,"Cuttack"
"BHARAT TRACTORS",7538,2,"Cuttack"
"CHANDI AUTOMOBILE",7538,2,"Cuttack"
"GENUINE SPARES",7538,2,"Cuttack"
"ANNUPURNA THEATRE",7832,1,"Cuttack"
"BRINDAVAN CINEMA-PATNAIK COLONY",7832,1,"Cuttack"
"CHOLA THEATRE",7832,1,"Cuttack"
"CHOUDWAR CINEMA HALL-CHOUDWAR ROAD-CHODWAR",7832,1,"Cuttack"
"INOX-SGBL MALL",7832,1,"Cuttack"
"SAKHANATH CHITRALAYA",7929,2,"Cuttack"
"ANNUPURNA THEATRE",7929,1,"Cuttack"
"BHARAT ART",7929,1,"Cuttack"
"KARMABIR GOURI SANKAR ROY TOWN HALL",7929,1,"Cuttack"
"SARRALA KALA KENDRA",7929,1,"Cuttack"
"NETAJI PARK",7947,2,"Cuttack"
"BAKHARABAD PARK",7947,1,"Cuttack"
"BARABATI CHILD PARK",7947,1,"Cuttack"
"BASINA DAVE PARK",7947,1,"Cuttack"
"BIJU PATNAIK PARK",7947,1,"Cuttack"
"SCBMCH",8060,3,"Cuttack"
"SCBMCH-ER",8060,3,"Cuttack"
"ADD HOSPITAL PRIVATE LTD",8060,2,"Cuttack"
"ADD HOSPITAL PRIVATE LTD-ER",8060,2,"Cuttack"
"S C B MEDICAL COLLEGE HOSPITAL",8060,2,"Cuttack"
"CHRIST COLLEGE",8200,3,"Cuttack"
"SA",8200,3,"Cuttack"
"SCBMCH",8200,3,"Cuttack"
"SI",8200,3,"Cuttack"
"BC",8200,2,"Cuttack"
"ANGANVADI CENTRE",8211,5,"Cuttack"
"SARASWATI SISHU VIDYA MANDIR",8211,4,"Cuttack"
"DAV PUBLIC SCHOOL",8211,3,"Cuttack"
"KENDRIYA VIDYALAYA",8211,3,"Cuttack"
"MODERN PUBLIC SCHOOL",8211,3,"Cuttack"
"BHAGBATPATHAGAR",8231,1,"Cuttack"
"BHAJAGOBINDA CLUB O PATHAGAR",8231,1,"Cuttack"
"BISWANATH PANDIT CENTRAL LIBRARY",8231,1,"Cuttack"
"BRANCH LIBRARY ISMAIL KHANPET",8231,1,"Cuttack"
"CHOUDWAR COLLEGE LIBRARY",8231,1,"Cuttack"
"GODLY MUSEUM",8410,1,"Cuttack"
"JAIN HERITAGE MUSEUM",8410,1,"Cuttack"
"MADHU SUDHAN SANGRAH",8410,1,"Cuttack"
"NETAJI BIRTH PLACE MUSEUM",8410,1,"Cuttack"
"ODISHA STATE MARITIME MUSEUM, CUTTACK",8410,1,"Cuttack"
"SAMRAT BAR",9532,1,"Cuttack"
"RELIANCE FRESH",9535,9,"Cuttack"
"FOOD BAZAAR",9535,3,"Cuttack"
"BIG BAZAAR",9535,1,"Cuttack"
"CHAMPADEVI STORE",9535,1,"Cuttack"
"CHANDI BHANDAR",9535,1,"Cuttack"
"BATA",9537,5,"Cuttack"
"MANYAVAR",9537,3,"Cuttack"
"BOMBAY DYEING",9537,2,"Cuttack"
"FASHION WORLD",9537,2,"Cuttack"
"MAX",9537,2,"Cuttack"
"PRESTIGE SMART KITCHEN",9560,3,"Cuttack"
"ALIF COLLECTION",9560,1,"Cuttack"
"ARUN FURNITURE",9560,1,"Cuttack"
"BAJAJ WORLD-BAJAJ",9560,1,"Cuttack"
"BAJRANGBALI TMT ROD & STRUCTURES",9560,1,"Cuttack"
"MEDICINE STORE",9565,10,"Cuttack"
"MEDICINE",9565,7,"Cuttack"
"APOLLO PHARMACY",9565,5,"Cuttack"
"ASHA MEDICINE STORE",9565,4,"Cuttack"
"JAN AUSHADHI STORE",9565,4,"Cuttack"
"F. L. OFF SHOP",9567,7,"Cuttack"
"MONGINIS",9567,6,"Cuttack"
"BALAJI BAKERY",9567,3,"Cuttack"
"F. L OFF SHOP",9567,3,"Cuttack"
"FL OFF SHOP",9567,3,"Cuttack"
"NILAKANTHA CYCLE STORE",9568,2,"Cuttack"
"ALOK CYCLE STORE",9568,1,"Cuttack"
"DECATHLON",9568,1,"Cuttack"
"GALAXY SPORTS",9568,1,"Cuttack"
"GAYATRI CYCLE STORE",9568,1,"Cuttack"
"DENTAL CLINIC",9583,9,"Cuttack"
"HOMEO CLINIC",9583,6,"Cuttack"
"CURE WELL LABORATORY",9583,5,"Cuttack"
"DR LAL PATHLABS",9583,4,"Cuttack"
"HOMOEOPATHIC CLINIC",9583,4,"Cuttack"
"AIM ACADEMY",9596,2,"Cuttack"
"CAC",9596,2,"Cuttack"
"MITI",9596,2,"Cuttack"
"SIP ACADEMY-ABACUS",9596,2,"Cuttack"
"STUDY CIRCLE",9596,2,"Cuttack"
"TATA MOTORS-TATA",9719,2,"Cuttack"
"ASHOK LEYLAND",9719,1,"Cuttack"
"MANORAMA TRACTOR HOUSE-MASSEY FERGUSON",9719,1,"Cuttack"
"MS UTKAL MOTORS-SONALIKA",9719,1,"Cuttack"
"P B MOTORS-SML ISUZU",9719,1,"Cuttack"
"ANAND STEELS",9986,2,"Cuttack"
"BALAJI STEEL",9986,2,"Cuttack"
"KHAN WELDING WORKSHOP",9986,2,"Cuttack"
"LAVANYAN ELECTRICALS",9986,2,"Cuttack"
"SAI ENTERPRISES",9986,2,"Cuttack"
"JIO STORE",9987,5,"Cuttack"
"RELIANCE MOBILE STORE",9987,4,"Cuttack"
"NOKIA",9987,3,"Cuttack"
"NOKIA CARE",9987,3,"Cuttack"
"RELIANCE MOBILE",9987,3,"Cuttack"
"BALUKESWAR STORE",9988,1,"Cuttack"
"GRAPH N GRAPHICS",9988,1,"Cuttack"
"LUCKY STORE",9988,1,"Cuttack"
"LUCKY STORES",9988,1,"Cuttack"
"MAA TARINI COMPUTER",9988,1,"Cuttack"
"COTTON MILL",9991,2,"Cuttack"
"A. C. L. INDUSTRY",9991,1,"Cuttack"
"ABIT ITC WING",9991,1,"Cuttack"
"ADITYA STEEL",9991,1,"Cuttack"
"AJANTA PACKERS",9991,1,"Cuttack"
"IBD BOOKS",9995,2,"Cuttack"
"LOKANATH BOOK STORE",9995,2,"Cuttack"
"AGARWAL BOOK DEPOT",9995,1,"Cuttack"
"AJIT BOOK STORE",9995,1,"Cuttack"
"AMMAN BOOKS SHOP",9995,1,"Cuttack"
"CAFE COFFEE DAY",9996,3,"Cuttack"
"AJAY TEA STALL",9996,1,"Cuttack"
"ALEKH MAHIMA TEA STALL",9996,1,"Cuttack"
"AMRIT TEA HOUSE",9996,1,"Cuttack"
"CAFE CORNER",9996,1,"Cuttack"
"STATE BANK OF INDIA",3578,223,"Indore"
"AXIS BANK",3578,117,"Indore"
"HDFC BANK",3578,81,"Indore"
"ICICI BANK",3578,79,"Indore"
"UNION BANK OF INDIA",3578,68,"Indore"
"MANAPPURAM FINANCE",5000,18,"Indore"
"NATIONAL INSURANCE COMPANY",5000,15,"Indore"
"LIFE INSURANCE CORPORATION OF INDIA",5000,13,"Indore"
"NATIONAL INSURANCE",5000,12,"Indore"
"LIC",5000,11,"Indore"
"GANESH KIRANA STORE",5400,7,"Indore"
"AGRAWAL KIRANA STORES",5400,6,"Indore"
"GANESH TRADERS",5400,6,"Indore"
"JAIN TRADERS",5400,6,"Indore"
"GANESH KIRANA STORES",5400,5,"Indore"
"JABALPUR MOTORS",5511,2,"Indore"
"PRINCE HYUNDAI",5511,2,"Indore"
"SAGAR AUTOMOBILES",5511,2,"Indore"
"SUCCESS AUTOMOBILE-VOLKSWAGEN",5511,2,"Indore"
"ABHIKARAN HERO",5511,1,"Indore"
"ASHOK AUTO DEAL",5512,2,"Indore"
"BALAJI MOTORS",5512,2,"Indore"
"CAR BAZAR",5512,2,"Indore"
"LASANI AUTO DEAL",5512,2,"Indore"
"RIMJHIM AUTO DEAL",5512,2,"Indore"
"SHYAM HONDA",5571,3,"Indore"
"INDORE AUTO DEAL",5571,2,"Indore"
"MILAN-TVS",5571,2,"Indore"
"RAJPAL-BAJAJ",5571,2,"Indore"
"RAJPAL HONDA",5571,2,"Indore"
"TOP N TOWN",5800,21,"Indore"
"DOMINO'S PIZZA",5800,18,"Indore"
"JAIN RESTAURANT",5800,10,"Indore"
"GOLI",5800,9,"Indore"
"PIZZA HUT",5800,8,"Indore"
"ANTAARA",5813,1,"Indore"
"BANK OF BARODA",5813,1,"Indore"
"BAR & RESTAURANT",5813,1,"Indore"
"BLUE ICE",5813,1,"Indore"
"BOTTOM SIP",5813,1,"Indore"
"STATE BANK OF INDIA",6000,59,"Indore"
"BANK OF BARODA",6000,28,"Indore"
"BANK OF INDIA",6000,26,"Indore"
"ICICI BANK",6000,25,"Indore"
"HDFC BANK",6000,20,"Indore"
"APOLLO TOWER",6512,2,"Indore"
"56 HAJAR VASTU",6512,1,"Indore"
"AGRAWAL STORES",6512,1,"Indore"
"AMAR FASHION COMPLEX",6512,1,"Indore"
"AMBIKA PLAZA",6512,1,"Indore"
"HOTEL AARAM",7011,3,"Indore"
"HOTEL BABA",7011,3,"Indore"
"HOTEL MAHARAJA",7011,3,"Indore"
"HOTEL APNA",7011,2,"Indore"
"HOTEL CROWN PALACE",7011,2,"Indore"
"NATIONAL AUTO GARAGE",7538,13,"Indore"
"FRIENDS AUTO GARAGE",7538,10,"Indore"
"PATEL AUTO GARAGE",7538,10,"Indore"
"ROYAL AUTO GARAGE",7538,9,"Indore"
"INDORE AUTO GARAGE",7538,8,"Indore"
"BOX OFFICE",7832,2,"Indore"
"MADHUMILAN",7832,2,"Indore"
"AASTHA CINEMA",7832,1,"Indore"
"ALKA TALKIES",7832,1,"Indore"
"ANOOP CINEMA-SANJAY GANDHI NAGAR",7832,1,"Indore"
"GO BANANAS",7933,1,"Indore"
"OMAX PARK",7947,3,"Indore"
"ADARSH PALSIKAR COLONY PARK",7947,1,"Indore"
"AGARWAL NAGAR GARDEN",7947,1,"Indore"
"AGARWAL NAGAR UDYAN",7947,1,"Indore"
"AGRAWAL NAGAR GARDEN",7947,1,"Indore"
"BAFNA HOSPITAL",8060,3,"Indore"
"BAFNA HOSPITAL-ER",8060,3,"Indore"
"JYOTI HOSPITAL",8060,3,"Indore"
"JYOTI HOSPITAL-ER",8060,3,"Indore"
"LIFE LINE HOSPITAL",8060,3,"Indore"
"CHRISTIAN EMINENT COLLEGE",8200,4,"Indore"
"SDPS WOMEN'S COLLEGE",8200,4,"Indore"
"ISLAMIA KARIMIA COLLEGE",8200,3,"Indore"
"SOFTVISION COLLEGE",8200,3,"Indore"
"DEVI AHILYA COLLEGE OF PHARMACY",8200,2,"Indore"
"BACHPAN",8211,9,"Indore"
"GOVERNMENT PRIMARY SCHOOL",8211,5,"Indore"
"GOVERNMENT SCHOOL",8211,4,"Indore"
"KIDZEE",8211,4,"Indore"
"PLAY SCHOOL",8211,4,"Indore"
"STUDY HOME LIBRARY",8231,2,"Indore"
"HUSAINI LIBRARY",8231,1,"Indore"
"JAIN LIBRARY",8231,1,"Indore"
"LIBRARY",8231,1,"Indore"
"MADHYA BHARAT HINDU SAHITYA SAMITI",8231,1,"Indore"
"CENTRAL MUSEUM INDORE",8410,1,"Indore"
"MRIGNAYANI",8410,1,"Indore"
"NEHRU KENDRA LAL BAUG PALACE",8410,1,"Indore"
"TRIBES INDIA",8410,1,"Indore"
"SANDWICH BAR",9532,3,"Indore"
"SHOP BAR",9532,2,"Indore"
"60 ML",9532,1,"Indore"
"A1 VIP BAR",9532,1,"Indore"
"AASHIRWAD",9532,1,"Indore"
"RELIANCE FRESH",9535,15,"Indore"
"BIG BAZAAR",9535,3,"Indore"
"VISHAL MEGA MART",9535,3,"Indore"
"JAIN TRADERS",9535,2,"Indore"
"ONDOOR SUPER STORE",9535,2,"Indore"
"BATA",9537,13,"Indore"
"RAYMOND",9537,9,"Indore"
"LIBERTY",9537,8,"Indore"
"PETER ENGLAND",9537,8,"Indore"
"WOODLAND",9537,8,"Indore"
"BOMBAY DYEING",9560,4,"Indore"
"CHAUHAN MATTRESS",9560,3,"Indore"
"CHOUHAN MATTRESS",9560,3,"Indore"
"CONTINENTAL FURNITURE",9560,3,"Indore"
"FASHION COLLECTION",9560,3,"Indore"
"DAWAKHANA",9565,5,"Indore"
"MAHAVIR MEDICAL",9565,5,"Indore"
"MEDICAL STORE",9565,5,"Indore"
"OM MEDICAL",9565,5,"Indore"
"SHREE MEDICOS",9565,5,"Indore"
"ENGLISH WINE SHOP",9567,14,"Indore"
"TOP N TOWN",9567,10,"Indore"
"AMERICAN TOURISTER",9567,9,"Indore"
"PRAKASH NAMKEEN",9567,9,"Indore"
"APNA SWEETS",9567,7,"Indore"
"ARMOUR SPORTS",9568,4,"Indore"
"CYCLE WORLD",9568,3,"Indore"
"D. M. BHARAT CYCLE STORES",9568,3,"Indore"
"SHRADDHA SPORTS",9568,3,"Indore"
"AEROFIT",9568,2,"Indore"
"DENTAL CLINIC",9583,20,"Indore"
"HOMEOPATHIC CLINIC",9583,10,"Indore"
"DAWAKHANA",9583,9,"Indore"
"DR LAL PATHLABS",9583,8,"Indore"
"AASHIRWAD CLINIC",9583,6,"Indore"
"SPOKEN ENGLISH",9596,5,"Indore"
"BHARAT CAR DRIVING SCHOOL",9596,4,"Indore"
"BLUE CHIP",9596,4,"Indore"
"BRILLIANT COACHING CLASSES",9596,4,"Indore"
"CAREER CLASSES",9596,4,"Indore"
"ASHOK LEYLAND",9719,3,"Indore"
"BETALA FORCE-FORCE MOTORS",9719,1,"Indore"
"BHOPAL MOTORS-JCB",9719,1,"Indore"
"EICHER",9719,1,"Indore"
"EICHER TRUCK",9719,1,"Indore"
"RAJ HARDWARE",9986,9,"Indore"
"HAKIMI HARDWARE",9986,8,"Indore"
"BURHANI HARDWARE",9986,5,"Indore"
"ROYAL HARDWARE",9986,5,"Indore"
"SHREE BALAJI TRADERS",9986,5,"Indore"
"RELIANCE MOBILE STORE",9987,18,"Indore"
"JIO STORE",9987,11,"Indore"
"SAMSUNG",9987,9,"Indore"
"THE MOBILE STORE",9987,9,"Indore"
"AIRTEL",9987,8,"Indore"
"MP ONLINE",9988,8,"Indore"
"DTDC",9988,5,"Indore"
"PHOTO COPY",9988,4,"Indore"
"STUDENT XEROX",9988,4,"Indore"
"AMIT STATIONERY",9988,3,"Indore"
"A . C . E ENGG CHEMICALS UNIT 11",9991,1,"Indore"
"A. C. E. ENGINEERING",9991,1,"Indore"
"AGARWAL INDUSTRIAL AREA",9991,1,"Indore"
"ALFA LABORATORY LTD",9991,1,"Indore"
"APRICRAFT SYSTEMS",9991,1,"Indore"
"JAIN BOOK STALL",9995,4,"Indore"
"B3 BOOKS",9995,3,"Indore"
"PALKESH BOOK CENTER",9995,3,"Indore"
"ADARSH BOOK CENTRE",9995,2,"Indore"
"ANIL BOOK STORE",9995,2,"Indore"
"CAFE COFFEE DAY",9996,16,"Indore"
"INDIAN COFFEE HOUSE",9996,6,"Indore"
"BARISTA",9996,4,"Indore"
"COFFEE KING",9996,4,"Indore"
"CHAI KAAPI",9996,3,"Indore"
"STATE BANK OF INDIA",3578,98,"Kozhikode"
"PUNJAB NATIONAL BANK",3578,36,"Kozhikode"
"FEDERAL BANK",3578,34,"Kozhikode"
"HDFC BANK",3578,28,"Kozhikode"
"CANARA BANK",3578,27,"Kozhikode"
"XPRESS MONEY",5000,97,"Kozhikode"
"WESTERN UNION",5000,87,"Kozhikode"
"WESTERN UNION MONEY TRANSFER",5000,86,"Kozhikode"
"MONEYGRAM",5000,60,"Kozhikode"
"MUTHOOT FINANCE",5000,53,"Kozhikode"
"RATION SHOP",5400,34,"Kozhikode"
"NEETHI STORE",5400,8,"Kozhikode"
"P. K. STORE",5400,8,"Kozhikode"
"JANATHA STORE",5400,7,"Kozhikode"
"KP STORE",5400,7,"Kozhikode"
"BRIDGEWAY MOTORS-MERCEDES-BENZ",5511,3,"Kozhikode"
"ABT-MOTORS",5511,2,"Kozhikode"
"AMANA-TOYOTA",5511,2,"Kozhikode"
"APCO HYUNDAI",5511,2,"Kozhikode"
"INDUS MOTORS",5511,2,"Kozhikode"
"4 WHEEL WORLD",5512,2,"Kozhikode"
"3 BROTHERS USED CARS",5512,1,"Kozhikode"
"AL AMEEN USED CARS",5512,1,"Kozhikode"
"ALY-FORD",5512,1,"Kozhikode"
"AMANA TOYOTA-CALICUT",5512,1,"Kozhikode"
"CEE PEE SUZUKI",5571,5,"Kozhikode"
"KVR-BAJAJ",5571,3,"Kozhikode"
"ACE HERO",5571,2,"Kozhikode"
"ADITHYA-HONDA",5571,2,"Kozhikode"
"ADITHYA HONDA",5571,2,"Kozhikode"
"HOTEL MALABAR",5800,6,"Kozhikode"
"DOMINO'S PIZZA",5800,5,"Kozhikode"
"HOTEL FRIENDS",5800,5,"Kozhikode"
"VANITHA HOTEL",5800,5,"Kozhikode"
"CHICKING",5800,4,"Kozhikode"
"ASIANET NEWS NETWORK",5813,1,"Kozhikode"
"COMPANIONS CLUB",5813,1,"Kozhikode"
"PARK BAR",5813,1,"Kozhikode"
"ROTARY CLUB CALICUT EAST",5813,1,"Kozhikode"
"KERALA GRAMIN BANK",6000,21,"Kozhikode"
"STATE BANK OF INDIA",6000,19,"Kozhikode"
"FEDERAL BANK",6000,11,"Kozhikode"
"ICICI BANK",6000,8,"Kozhikode"
"SOUTH INDIAN BANK",6000,6,"Kozhikode"
"CHILDREN DREAM COMPLEX",6512,2,"Kozhikode"
"HILITE MALL",6512,2,"Kozhikode"
"LAMIYA SILKS",6512,2,"Kozhikode"
"SURABHI SHOPPING MALL",6512,2,"Kozhikode"
"4U DREAM SHOPPING",6512,1,"Kozhikode"
"CHOICE-GOVINDAPURAM",7011,2,"Kozhikode"
"KOYAS-PANNIYANKARA",7011,2,"Kozhikode"
"MEDORA HOTEL",7011,2,"Kozhikode"
"PARK RESIDENCY",7011,2,"Kozhikode"
"SANI-CALICUT MEDICAL COLLEGE",7011,2,"Kozhikode"
"AMANA-TOYOTA",7538,4,"Kozhikode"
"FRIENDS AUTO GARAGE",7538,4,"Kozhikode"
"MALABAR AUTO GARAGE",7538,4,"Kozhikode"
"MUKKAM TYRES",7538,4,"Kozhikode"
"AUTO CARE",7538,3,"Kozhikode"
"12 D CINEMA",7832,2,"Kozhikode"
"12D CINEMA",7832,1,"Kozhikode"
"6D CINEMA",7832,1,"Kozhikode"
"APSARA THEATRE",7832,1,"Kozhikode"
"APSARA THEATRE-ENTRANCE 1",7832,1,"Kozhikode"
"KAIRALI KALAVEDHI",7929,1,"Kozhikode"
"MUFI TIMES",7929,1,"Kozhikode"
"SREE MUKAMBIKA KALA MANDALAM",7929,1,"Kozhikode"
"AMOEBA",7933,1,"Kozhikode"
"CHILDREN'S PARK CHERUVANNUR",7947,2,"Kozhikode"
"MALABAR BOTANICAL GARDEN",7947,2,"Kozhikode"
"MANANCHIRA PARK",7947,2,"Kozhikode"
"SAROVARAM BIO PARK",7947,2,"Kozhikode"
"A. W. H. COLLEGE GROUND",7947,1,"Kozhikode"
"NIRMALA HOSPITAL",8060,3,"Kozhikode"
"NIRMALA HOSPITAL-ER",8060,3,"Kozhikode"
"GOVERNMENT HOSPITAL",8060,2,"Kozhikode"
"MIMS HOSPITAL",8060,2,"Kozhikode"
"MIMS HOSPITAL-ER",8060,2,"Kozhikode"
"ANNAMALAI UNIVERSITY",8200,4,"Kozhikode"
"BRILLIANCE COLLEGE",8200,4,"Kozhikode"
"FAROOK COLLEGE",8200,3,"Kozhikode"
"GOVERNMENT COLLEGE OF TEACHER EDUCATION",8200,3,"Kozhikode"
"BRAINS COLLEGE",8200,2,"Kozhikode"
"GOVERNMENT HIGHER SECONDARY SCHOOL",8211,6,"Kozhikode"
"GOVERNMENT LOWER PRIMARY SCHOOL",8211,3,"Kozhikode"
"GOVERNMENT U. P. SCHOOL",8211,3,"Kozhikode"
"MARKAZ PUBLIC SCHOOL",8211,3,"Kozhikode"
"SMART KIDS ABACUS",8211,3,"Kozhikode"
"KUNNAMAGALA LIBRARY",8231,2,"Kozhikode"
"LIBRARY",8231,2,"Kozhikode"
"AIKYA KERALA READING ROOM & LIBRARY",8231,1,"Kozhikode"
"ARUNODHAYA YUVAJANA READING ROOM & LIBRARY",8231,1,"Kozhikode"
"C. C. MEMORIAL LIBRARY",8231,1,"Kozhikode"
"3D THEATRE",8410,1,"Kozhikode"
"ASTRONOMY GALLERY",8410,1,"Kozhikode"
"E. MOYTHU MOULAVI SMARAKA DHESHIYA MUSEUM",8410,1,"Kozhikode"
"INDIAN BUSINESS MUSEUM",8410,1,"Kozhikode"
"KRISHNA MENON MUSEUM",8410,1,"Kozhikode"
"BAR",9532,1,"Kozhikode"
"BOTTOMS UP",9532,1,"Kozhikode"
"CAPTAIN'S CABIN",9532,1,"Kozhikode"
"COUNTRY LAGOON",9532,1,"Kozhikode"
"KAIMBALAM",9532,1,"Kozhikode"
"SUPPLYCO",9535,11,"Kozhikode"
"RELIANCE FRESH",9535,7,"Kozhikode"
"MORE",9535,6,"Kozhikode"
"DAY MART",9535,4,"Kozhikode"
"TRIVENI SUPERMARKETS",9535,4,"Kozhikode"
"BATA",9537,7,"Kozhikode"
"WRANGLER",9537,6,"Kozhikode"
"CHETTIYAR TEXTILES",9537,5,"Kozhikode"
"LEE",9537,5,"Kozhikode"
"LOUIS PHILIPPE",9537,5,"Kozhikode"
"ROYAL FURNITURE",9560,5,"Kozhikode"
"CLASSIC FURNITURE",9560,3,"Kozhikode"
"FERO DOORS",9560,3,"Kozhikode"
"FIDCO FURNITURE",9560,3,"Kozhikode"
"GOLDEN FURNITURE",9560,3,"Kozhikode"
"KOTTAKKAL ARYA VAIDYA SALA",9565,42,"Kozhikode"
"THE ARYA VAIDYA PHARMACY",9565,20,"Kozhikode"
"NEETHI MEDICAL STORES",9565,14,"Kozhikode"
"NEETHI MEDICAL STORE",9565,10,"Kozhikode"
"OUSHADHI",9565,9,"Kozhikode"
"MILMA",9567,43,"Kozhikode"
"MILMA BOOTH",9567,19,"Kozhikode"
"FAMOUS BAKERY",9567,15,"Kozhikode"
"K. R. BAKERY",9567,9,"Kozhikode"
"TODDY",9567,7,"Kozhikode"
"AZIL CYCLE TRADERS",9568,2,"Kozhikode"
"BROTHERS CYCLE SHOP",9568,2,"Kozhikode"
"DAYA CYCLE MART",9568,2,"Kozhikode"
"FITNESS FORUM",9568,2,"Kozhikode"
"10 SPORTS",9568,1,"Kozhikode"
"ARYA VAIDYA SALA KOTTAKKAL",9583,32,"Kozhikode"
"DENTAL CLINIC",9583,11,"Kozhikode"
"SANTHIGIRI AYURVEDA & SIDDHA VAIDYASALA",9583,10,"Kozhikode"
"EMPLOYEES STATE INSURANCE DISPENSARY",9583,6,"Kozhikode"
"HOMEO CLINIC",9583,5,"Kozhikode"
"G-TEC COMPUTER EDUCATION",9596,8,"Kozhikode"
"INFO-TEC COMPUTER EDUCATION",9596,7,"Kozhikode"
"INFO TECH COMPUTER EDUCATION",9596,7,"Kozhikode"
"BRILLIANCE COLLEGE",9596,6,"Kozhikode"
"CADD CENTRE",9596,5,"Kozhikode"
"INDUS-ASHOK LEYLAND",9719,2,"Kozhikode"
"KADOOR-JCB",9719,2,"Kozhikode"
"AUTOBAN TRUCKING",9719,1,"Kozhikode"
"BRIDGE WAY MOTORS",9719,1,"Kozhikode"
"INDUS-ASHOK LEYLAND LIGHT VEHICLES",9719,1,"Kozhikode"
"STAR ELECTRICALS",9986,7,"Kozhikode"
"MALABAR HARDWARE",9986,5,"Kozhikode"
"STAR HARDWARE",9986,4,"Kozhikode"
"ANNA ALUMINIUM",9986,3,"Kozhikode"
"ASHAR AGENCIES",9986,3,"Kozhikode"
"MYG DIGITAL HUB",9987,12,"Kozhikode"
"MOBILE WORLD",9987,11,"Kozhikode"
"MOBILE ZONE",9987,11,"Kozhikode"
"3G MOBILE WORLD",9987,6,"Kozhikode"
"4G MOBILES",9987,6,"Kozhikode"
"THE PROFESSIONAL COURIER",9988,6,"Kozhikode"
"FRIENDS STATIONERY",9988,3,"Kozhikode"
"BIG BOY STATIONERY",9988,2,"Kozhikode"
"DOCUMENTRY WRITING",9988,2,"Kozhikode"
"DTDC",9988,2,"Kozhikode"
"ADITHYA INDUSTRIES",9991,1,"Kozhikode"
"AKASH BOOK WORKS",9991,1,"Kozhikode"
"ANAND OXYGEN INDIA",9991,1,"Kozhikode"
"BOMBAY CHEMICALS",9991,1,"Kozhikode"
"BOUNCE POLYMERS",9991,1,"Kozhikode"
"AKSHARA BOOKS",9995,3,"Kozhikode"
"DC BOOKS",9995,3,"Kozhikode"
"SCHOOL BAZAR",9995,3,"Kozhikode"
"DESABHIMANI BOOK HOUSE",9995,2,"Kozhikode"
"MATHRUBHUMI BOOKS",9995,2,"Kozhikode"
"INDIAN COFFEE HOUSE",9996,5,"Kozhikode"
"CAFE COFFEE DAY",9996,2,"Kozhikode"
"ALFAS COOL & COFFEE",9996,1,"Kozhikode"
"AMEEN TEA STALL",9996,1,"Kozhikode"
"APOOS BAKES",9996,1,"Kozhikode"
"STATE BANK OF INDIA",3578,22,"Malappuram"
"SOUTH INDIAN BANK",3578,19,"Malappuram"
"FEDERAL BANK",3578,18,"Malappuram"
"CANARA BANK",3578,12,"Malappuram"
"HDFC BANK",3578,9,"Malappuram"
"WESTERN UNION",5000,25,"Malappuram"
"MUTHOOT FINCORP",5000,20,"Malappuram"
"MUTHOOT FINANCE",5000,16,"Malappuram"
"MANAPPURAM FINANCE",5000,14,"Malappuram"
"THE NEW INDIA ASSURANCE COMPANY",5000,11,"Malappuram"
"PK STORE",5400,6,"Malappuram"
"AL AMEEN STORE",5400,4,"Malappuram"
"BISMI STORE",5400,4,"Malappuram"
"CK STORE",5400,4,"Malappuram"
"KP STORE",5400,4,"Malappuram"
"CLASSIC HYUNDAI",5511,3,"Malappuram"
"AM MOTORS MARUTI SUZUKI",5511,2,"Malappuram"
"GERMAN MOTORS-CHEVROLET",5511,2,"Malappuram"
"POPULAR HYUNDAI",5511,2,"Malappuram"
"PREMIER AUTO MAHINDRA",5511,2,"Malappuram"
"AB USED CAR",5512,1,"Malappuram"
"ALY-FORD",5512,1,"Malappuram"
"AMANA TOYOTA-MALLAPURAM",5512,1,"Malappuram"
"APCO HONDA",5512,1,"Malappuram"
"AUTO NATION USED CAR",5512,1,"Malappuram"
"HERO MOTOCORP-HERO MOTOCORP",5571,3,"Malappuram"
"AM HONDA",5571,2,"Malappuram"
"KVR AUTOMOBILES-BAJAJ",5571,2,"Malappuram"
"NOBLE TVS",5571,2,"Malappuram"
"PATHIKKAL MOTORS SUZUKI",5571,2,"Malappuram"
"HOTEL EMBASSY",5800,4,"Malappuram"
"HOTEL MALABAR",5800,4,"Malappuram"
"CHICKING",5800,3,"Malappuram"
"HOTEL BISMI",5800,3,"Malappuram"
"HOTEL FRIENDS",5800,3,"Malappuram"
"KERALA GRAMIN BANK",6000,26,"Malappuram"
"FEDERAL BANK",6000,9,"Malappuram"
"STATE BANK OF INDIA",6000,8,"Malappuram"
"SOUTH INDIAN BANK",6000,4,"Malappuram"
"BANK OF BARODA",6000,3,"Malappuram"
"ABHILASH MALL",6512,1,"Malappuram"
"AL FIDA FASHION JEWELLERY",6512,1,"Malappuram"
"AL HIRA JEWELLERY WORKS",6512,1,"Malappuram"
"CAPITAL MALL",6512,1,"Malappuram"
"CITY POINT",6512,1,"Malappuram"
"AL JAS FOOD-KONDOTTY",7011,1,"Malappuram"
"ATHIMANNIL TOURIST HOME",7011,1,"Malappuram"
"CAFE MIA-ORODAM PALAM",7011,1,"Malappuram"
"HERBAL CITY-TIRURANGADI",7011,1,"Malappuram"
"HILL FORT",7011,1,"Malappuram"
"FRIENDS AUTO GARAGE",7538,4,"Malappuram"
"CAR WASH",7538,3,"Malappuram"
"A SQUARE CAR ACCESSORIES",7538,2,"Malappuram"
"BIKE WORKSHOP",7538,2,"Malappuram"
"BIKE WORLD",7538,2,"Malappuram"
"ANAND MOVIE THEATRE",7832,1,"Malappuram"
"ANAND THEATRE",7832,1,"Malappuram"
"KAIRALI THEATRE",7832,1,"Malappuram"
"KALPAKA THEATRE",7832,1,"Malappuram"
"KEY CEE THEATRE",7832,1,"Malappuram"
"KAIRALI THEATRE",7929,1,"Malappuram"
"MALABAR AUDITORIUM",7929,1,"Malappuram"
"MALABAR CHESS ACADEMY",7929,1,"Malappuram"
"MALAYIL AUDITORIUM",7929,1,"Malappuram"
"CHAMAKKAYAM RIVERSIDE PARK",7947,1,"Malappuram"
"KOTAKKUNNU TOURISM PARK",7947,1,"Malappuram"
"MALABAR AUDITORIUM",7947,1,"Malappuram"
"MANKADA HIGH SCHOOL GROUND",7947,1,"Malappuram"
"PARAPPAN SQUARE",7947,1,"Malappuram"
"AL SALAMA HOSPITAL",8060,1,"Malappuram"
"AL SALAMA HOSPITAL-ER",8060,1,"Malappuram"
"ALAMMIN",8060,1,"Malappuram"
"ALAMMIN-ER",8060,1,"Malappuram"
"ALMAS HOSPITAL",8060,1,"Malappuram"
"AL JAMIA ARTS AND SCIENCE COLLEGE",8200,1,"Malappuram"
"ANWARUL ISLAM ITC",8200,1,"Malappuram"
"ARYA VAIDYA SALA",8200,1,"Malappuram"
"AYURVEDIC COLLEGE",8200,1,"Malappuram"
"BHARATHIAR UNIVERSITY",8200,1,"Malappuram"
"GMLPS NEMMINI",8211,11,"Malappuram"
"GOVERNMENT MAPPILA LOWER PRIMARY SCHOOL",8211,4,"Malappuram"
"GOVERNMENT HIGHER SECONDARY SCHOOL",8211,3,"Malappuram"
"GOVERNMENT LOWER PRIMARY SCHOOL",8211,3,"Malappuram"
"ALPINE SCHOOL",8211,2,"Malappuram"
"CTM LIBRARY",8231,1,"Malappuram"
"FRIENDS READING ROOM",8231,1,"Malappuram"
"ISLAMIC LIBRARY",8231,1,"Malappuram"
"ISLAMIC READING CENTER",8231,1,"Malappuram"
"KASC LIBRARY",8231,1,"Malappuram"
"VAIDYARATNAM P S VARIER MUSEUM",8410,1,"Malappuram"
"BEVEREGE",9532,1,"Malappuram"
"PICNIC BAR",9532,1,"Malappuram"
"MAVELI STORES",9535,12,"Malappuram"
"SUPPLYCO",9535,4,"Malappuram"
"4U SUPER MARKET",9535,1,"Malappuram"
"4YU SUPER MARKET",9535,1,"Malappuram"
"A 2 Z SUPER MARKET",9535,1,"Malappuram"
"LIBAS TEXTILES",9537,5,"Malappuram"
"ALANKAR FOOTWEAR",9537,3,"Malappuram"
"BEST FOOTWEAR",9537,3,"Malappuram"
"COLOURS TEXTILES",9537,3,"Malappuram"
"LEATHER HOUSE",9537,3,"Malappuram"
"MODERN FURNITURE",9560,5,"Malappuram"
"NATURAL FURNITURE",9560,3,"Malappuram"
"PRINCE FURNITURE",9560,3,"Malappuram"
"ROYAL FURNITURE",9560,3,"Malappuram"
"WOODLAND FURNITURE",9560,3,"Malappuram"
"KOTTAKKAL ARYA VAIDYA SALA",9565,17,"Malappuram"
"ARYA VAIDYA PHARMACY",9565,8,"Malappuram"
"JAN AUSHADHI STORE",9565,5,"Malappuram"
"KOTTAKKAL ARYA VAIDYA PHARMACY",9565,4,"Malappuram"
"THANGAL PHARMACY",9565,4,"Malappuram"
"FAMOUS BAKERY",9567,11,"Malappuram"
"KR BAKERY",9567,10,"Malappuram"
"BISMI CHICKEN STALL",9567,7,"Malappuram"
"ANIYARA FANCY",9567,6,"Malappuram"
"BEST BAKERY",9567,6,"Malappuram"
"UDAYA CYCLE MART",9568,4,"Malappuram"
"SAFARI CYCLE",9568,3,"Malappuram"
"CITY SPORTS",9568,2,"Malappuram"
"HATRICK SPORTS",9568,2,"Malappuram"
"VIVA SPORTS",9568,2,"Malappuram"
"ARYA VAIDYA SALA KOTTAKKAL",9583,26,"Malappuram"
"SHIFA DENTAL CLINIC",9583,4,"Malappuram"
"AHALIA FOUNDATION EYE HOSPITAL",9583,3,"Malappuram"
"FATHIMA DENTAL CLINIC",9583,3,"Malappuram"
"HOMEOPATHY CLINIC",9583,3,"Malappuram"
"G-TEC COMPUTER EDUCATION",9596,5,"Malappuram"
"FAYIDA DRIVING SCHOOL",9596,3,"Malappuram"
"VICTORY DRIVING SCHOOL",9596,3,"Malappuram"
"ABACUS ACADEMY",9596,2,"Malappuram"
"GTEC COMPUTER EDUCATION",9596,2,"Malappuram"
"INDUS MOTORS-ASHOK LEYLAND",9719,1,"Malappuram"
"BRIGHT ELECTRICAL",9986,3,"Malappuram"
"FRIENDS ELECTRICAL",9986,3,"Malappuram"
"ROYAL FURNITURE",9986,3,"Malappuram"
"WOODLAND FURNITURE",9986,3,"Malappuram"
"BISMI MACHINE TOOLS",9986,2,"Malappuram"
"OPPO",9987,6,"Malappuram"
"4G MOBILES",9987,4,"Malappuram"
"3G MOBILE WORLD",9987,3,"Malappuram"
"4G MOBILE",9987,3,"Malappuram"
"CELL ZONE",9987,3,"Malappuram"
"DTDC",9988,4,"Malappuram"
"PROFESSIONAL COURIERS",9988,2,"Malappuram"
"AADHIL TRADERS",9988,1,"Malappuram"
"ACCOLADE PHOTOSTAT",9988,1,"Malappuram"
"AJANTHA COLOR LAB",9988,1,"Malappuram"
"MBM CRUSHER VETTEKKOD",9991,1,"Malappuram"
"PULLANCHERI GRANITE INDUSTRIES",9991,1,"Malappuram"
"ALFA BOOK CENTRE",9995,2,"Malappuram"
"EXCELLENT BOOKS",9995,2,"Malappuram"
"HILAL BOOKS",9995,2,"Malappuram"
"PERFECT BOOK STALL",9995,2,"Malappuram"
"ABAYA BOOKS",9995,1,"Malappuram"
"INDIAN COFFEE HOUSE",9996,2,"Malappuram"
"AL MADEENA COFFEE",9996,1,"Malappuram"
"ASAJ COFFEE",9996,1,"Malappuram"
"BAKE AND TASTE",9996,1,"Malappuram"
"BISMI COFFEE",9996,1,"Malappuram"
"AXIS BANK",3578,106,"Noida"
"HDFC BANK",3578,83,"Noida"
"ICICI BANK",3578,69,"Noida"
"STATE BANK OF INDIA",3578,49,"Noida"
"INDUSIND BANK",3578,43,"Noida"
"DTDC",5000,25,"Noida"
"WESTERN UNION",5000,18,"Noida"
"DTDC COURIER",5000,11,"Noida"
"HCL TECHNOLOGIES",5000,9,"Noida"
"NOIDA ENTREPRENEURS ASSOCIATION",5000,9,"Noida"
"GUPTA STORE",5400,15,"Noida"
"SHARMA GENERAL STORE",5400,15,"Noida"
"DEEPAK GENERAL STORE",5400,13,"Noida"
"GUPTA GENERAL STORE",5400,13,"Noida"
"KRISHNA GENERAL STORE",5400,11,"Noida"
"BRITE AUTOWHEELS-SKODA",5511,2,"Noida"
"CAPITAL HYUNDAI",5511,2,"Noida"
"CONCEPT AUTOMOBILES-MAHINDRA",5511,2,"Noida"
"NEO-NISSAN",5511,2,"Noida"
"VIRAJ AUTOMOBILES-VOLKSWAGEN",5511,2,"Noida"
"MAHINDRA FIRST CHOICE",5512,3,"Noida"
"BALAJI AUTO DEALS",5512,1,"Noida"
"CARNATION",5512,1,"Noida"
"DELHI AUTOMOBILES",5512,1,"Noida"
"DHARAM AUTO SALES PURCHASE",5512,1,"Noida"
"ADITI-TVS",5571,2,"Noida"
"PIONEER ONE-HONDA",5571,2,"Noida"
"SUMAN BAJAJ",5571,2,"Noida"
"ANS AUTOZONE-MAHINDRA",5571,1,"Noida"
"BAJAJ PROBIKING-KTM",5571,1,"Noida"
"DOMINO'S PIZZA",5800,19,"Noida"
"PIZZA HUT",5800,13,"Noida"
"SUBWAY",5800,13,"Noida"
"BASKIN-ROBBINS",5800,11,"Noida"
"MCDONALD'S",5800,10,"Noida"
"ANNIVERSARY BASH",5813,1,"Noida"
"ATRIUM BAR & LOUNGE",5813,1,"Noida"
"BEER SHOPS",5813,1,"Noida"
"BERCO'S",5813,1,"Noida"
"BHUKHARA MULTI CUISINE RESTO BAR",5813,1,"Noida"
"STATE BANK OF INDIA",6000,26,"Noida"
"ICICI BANK",6000,17,"Noida"
"AXIS BANK",6000,12,"Noida"
"HDFC BANK",6000,11,"Noida"
"SYNDICATE BANK",6000,9,"Noida"
"DELSEY",6512,2,"Noida"
"KAUSHIK MARKET-HOSHIYARPUR",6512,2,"Noida"
"PAL MARKET",6512,2,"Noida"
"SHARMA MARKET-SEC-22",6512,2,"Noida"
"SHOPPERS STOP",6512,2,"Noida"
"HOTEL NOIDA",7011,2,"Noida"
"HOTEL SHREE BALRAM",7011,2,"Noida"
"AMAN HOTEL & BANQUET",7011,1,"Noida"
"ANJALI RESIDENCY",7011,1,"Noida"
"ASCENT BIJ STAY IN BUDGET",7011,1,"Noida"
"S. K. MOTORS",7538,6,"Noida"
"CAPITAL HYUNDAI",7538,5,"Noida"
"DINESH AUTO CENTER",7538,4,"Noida"
"INDIAN OIL",7538,4,"Noida"
"KRISHNA MOTORS",7538,4,"Noida"
"5D CINEMA",7832,1,"Noida"
"BIG CINEMAS",7832,1,"Noida"
"CARNIVAL CINEMAS-THE GREAT INDIA PLACE",7832,1,"Noida"
"CINEPOLIS",7832,1,"Noida"
"KAVITA PALACE-KHORA",7832,1,"Noida"
"AMAZING TATTOO STUDIO",7929,1,"Noida"
"AAROGYAM",7933,1,"Noida"
"SATISH HEALTH CLUB",7933,1,"Noida"
"SUPPLEMENT WORLD",7933,1,"Noida"
"WORKOUT GYM",7933,1,"Noida"
"PARK",7947,37,"Noida"
"PARK A BLOCK",7947,15,"Noida"
"SECTOR-121 NDA PARK",7947,9,"Noida"
"PARK D BLOCK",7947,8,"Noida"
"B BLOCK PARK",7947,6,"Noida"
"GOLF LINK SECTOR 40",7992,1,"Noida"
"JAYPEE GOLF COURSE",7992,1,"Noida"
"NOIDA GOLF COURSE",7992,1,"Noida"
"NOIDA GOLF COURSE-ALTERNATE GATE",7992,1,"Noida"
"UNITECH GOLF & COUNTRY CLUB",7992,1,"Noida"
"LIFE CARE HOSPITAL",8060,3,"Noida"
"LIFE CARE HOSPITAL-ER",8060,3,"Noida"
"CITY HOSPITAL",8060,2,"Noida"
"CITY HOSPITAL-ER",8060,2,"Noida"
"PRABHA HOSPITAL",8060,2,"Noida"
"NATIONAL INSTITUTE OF OPEN SCHOOLING",8200,3,"Noida"
"AMITY UNIVERSITY-GATE NO 2A",8200,2,"Noida"
"BIRLA INSTITUTE OF TECHNOLOGY",8200,2,"Noida"
"CENTRE FOR DEVELOPMENT OF ADVANCED COMPUTING",8200,2,"Noida"
"CETPA",8200,2,"Noida"
"PRATHAMIK VIDYALAYA",8211,29,"Noida"
"PURV MADHYAMIK VIDYALAYA",8211,5,"Noida"
"RED ROSE PUBLIC SCHOOL",8211,5,"Noida"
"ADARSH PRATHAMIK VIDYALAYA",8211,4,"Noida"
"KIDZEE",8211,4,"Noida"
"BUZZINGBOOKS",8231,1,"Noida"
"CENTER LIBRARY",8231,1,"Noida"
"CHEENA TEXTILE",8231,1,"Noida"
"FONRWA PUBLIC LIBRARY",8231,1,"Noida"
"KISHORI METAL INDUSTRIES",8231,1,"Noida"
"IIMTF",8410,1,"Noida"
"MODERN SALES CORPORATION",8410,1,"Noida"
"RAM SUTAR KLA SANGRAHALYA",8410,1,"Noida"
"ANCHOR BAR & KITCHEN",9532,1,"Noida"
"ASIA KITCHEN & BAR",9532,1,"Noida"
"BABY DRAGON",9532,1,"Noida"
"BAMBOO SHOOTS",9532,1,"Noida"
"BAR-CLUB 26",9532,1,"Noida"
"SAFAL",9535,15,"Noida"
"SHARMA GENERAL STORE",9535,9,"Noida"
"TWENTY FOUR SEVEN",9535,7,"Noida"
"GUPTA GENERAL STORE",9535,5,"Noida"
"MOTHER DAIRY",9535,5,"Noida"
"BAHAMAS",9537,9,"Noida"
"ALLEN SOLLY",9537,8,"Noida"
"KRISHNA GARMENTS",9537,8,"Noida"
"FASHION ZONE",9537,7,"Noida"
"NICE COLLECTION",9537,7,"Noida"
"FURNITURE GALLERY",9560,3,"Noida"
"MASPAR",9560,3,"Noida"
"PARAS TIMBER & PLYWOOD",9560,3,"Noida"
"SAJAWAT",9560,3,"Noida"
"SHARMA FURNITURE",9560,3,"Noida"
"APOLLO PHARMACY",9565,22,"Noida"
"SHIV MEDICAL STORE",9565,19,"Noida"
"RAJ MEDICAL STORE",9565,12,"Noida"
"OM MEDICAL STORE",9565,7,"Noida"
"SHARMA MEDICAL STORE",9565,7,"Noida"
"MOTHER DAIRY",9567,80,"Noida"
"SHARMA DAIRY",9567,21,"Noida"
"NAGAR DAIRY",9567,14,"Noida"
"AGGARWAL SWEETS",9567,13,"Noida"
"ARCHIES",9567,13,"Noida"
"DECATHLON",9568,2,"Noida"
"RAJESH CYCLE TRADING COMPANY",9568,2,"Noida"
"RAMESH CYCLE STORE",9568,2,"Noida"
"AAKASH CYCLE AGENCY",9568,1,"Noida"
"ABHISHEK SPORTS & GIFTS GALLERY",9568,1,"Noida"
"BANGALI CLINIC",9583,30,"Noida"
"DR LAL PATHLABS",9583,29,"Noida"
"JANTA CLINIC",9583,27,"Noida"
"KHAN CLINIC",9583,22,"Noida"
"MALIK DENTAL CLINIC",9583,16,"Noida"
"SPOKEN ENGLISH",9596,5,"Noida"
"CAREER LAUNCHER",9596,4,"Noida"
"GYAN ACADEMY",9596,4,"Noida"
"AAKASH INSTITUTE",9596,3,"Noida"
"AIM CLASSES",9596,3,"Noida"
"A & A EARTHMOVERS-JCB",9719,1,"Noida"
"A&A EARTHMOVERS-PIAGGIO",9719,1,"Noida"
"CHAUHAN TRADERS",9986,4,"Noida"
"SHIVAM TRADERS",9986,4,"Noida"
"AGGARWAL TRADERS",9986,3,"Noida"
"ASTRAL PIPES",9986,3,"Noida"
"DEEPAK HARDWARE",9986,3,"Noida"
"SAI COMMUNICATION",9987,19,"Noida"
"AIRTEL",9987,18,"Noida"
"OM COMMUNICATION",9987,18,"Noida"
"BALAJI COMMUNICATION",9987,17,"Noida"
"OM SAI COMMUNICATION",9987,16,"Noida"
"PHOTOSTAT",9988,5,"Noida"
"DTDC",9988,4,"Noida"
"GRAHAK SEVA KENDRA",9988,4,"Noida"
"KRISHNA STATIONERY",9988,3,"Noida"
"DTDC COURIER",9988,2,"Noida"
"HCL",9991,12,"Noida"
"DHARAMPAL SATYAPAL",9991,4,"Noida"
"HALDIRAM SNACKS",9991,4,"Noida"
"JUBILANT",9991,4,"Noida"
"SONU EXIM",9991,4,"Noida"
"ABHISHEK BOOK WORLD",9995,4,"Noida"
"OM BOOK SHOP",9995,3,"Noida"
"BOOKLAND NOIDA",9995,2,"Noida"
"CROSS WORD",9995,2,"Noida"
"CROSSWORD",9995,2,"Noida"
"CAFE COFFEE DAY",9996,20,"Noida"
"BARISTA",9996,16,"Noida"
"COSTA COFFEE",9996,8,"Noida"
"CHAAYOS",9996,5,"Noida"
"COFFEE SHOP",9996,3,"Noida"
"STATE BANK OF INDIA",3578,83,"Rajkot"
"ICICI BANK",3578,41,"Rajkot"
"HDFC BANK",3578,39,"Rajkot"
"AXIS BANK",3578,31,"Rajkot"
"BANK OF BARODA",3578,26,"Rajkot"
"BALAJI ENTERPRISE",5000,24,"Rajkot"
"ANGEL BROKING",5000,21,"Rajkot"
"OM ENTERPRISE",5000,20,"Rajkot"
"SHIV ENTERPRISE",5000,19,"Rajkot"
"BALAJI INDUSTRIES",5000,18,"Rajkot"
"JALARAM PROVISION STORE",5400,10,"Rajkot"
"KHODIYAR PROVISION STORE",5400,10,"Rajkot"
"CHAMUNDA PROVISION STORE",5400,8,"Rajkot"
"KRISHNA PROVISION STORE",5400,7,"Rajkot"
"PANDIT DINDAYAL GRAHAK BHANDAR",5400,6,"Rajkot"
"EQUITY HYUNDAI",5511,2,"Rajkot"
"GALLOPS MOTORS-CHEVROLET",5511,2,"Rajkot"
"GALLOPS MOTORS-MAHINDRA",5511,2,"Rajkot"
"JAI GANESH-FORD",5511,2,"Rajkot"
"NEXA GONDAL ROAD",5511,2,"Rajkot"
"KAILASH AUTO CONSULT",5512,2,"Rajkot"
"ACCURATE MOTORS-MARUTI SUZUKI",5512,1,"Rajkot"
"ATUL MOTORS",5512,1,"Rajkot"
"AUTO TERRACE-HONDA",5512,1,"Rajkot"
"BALAJI AUTO CONSULTANT",5512,1,"Rajkot"
"DHARTI-HONDA",5571,2,"Rajkot"
"NEW ERA AUTO LINK-MAHINDRA",5571,2,"Rajkot"
"PATEL SUZUKI",5571,2,"Rajkot"
"RAJARSHI BAJAJ",5571,2,"Rajkot"
"AAN-HERO",5571,1,"Rajkot"
"MAYUR BHAJIYA",5800,7,"Rajkot"
"PATEL DINING HALL",5800,7,"Rajkot"
"CHATKAZZ",5800,6,"Rajkot"
"NAPLES PIZZA",5800,6,"Rajkot"
"KRISHNA RESTAURANT",5800,5,"Rajkot"
"LION S CLUB RAJKOT",5813,1,"Rajkot"
"WESTERN GAME ZONE",5813,1,"Rajkot"
"HDFC BANK",6000,19,"Rajkot"
"DENA BANK",6000,15,"Rajkot"
"SAURASHTRA GRAMIN BANK",6000,13,"Rajkot"
"ICICI BANK",6000,11,"Rajkot"
"KOTAK MAHINDRA BANK",6000,11,"Rajkot"
"ALIGHT WATCH CO.",6512,1,"Rajkot"
"C. K. BAGS",6512,1,"Rajkot"
"CELIO STORE",6512,1,"Rajkot"
"CITY FITNESS MALL",6512,1,"Rajkot"
"CRYSTAL MALL",6512,1,"Rajkot"
"COMFORT INN LEGACY-LIMDA CHOWK",7011,2,"Rajkot"
"REGENCY LAGOON RESORT",7011,2,"Rajkot"
"ADITYA HOTEL-BHUPENDRA ROAD",7011,1,"Rajkot"
"ASHOK HOTEL-RAJPUTPARA",7011,1,"Rajkot"
"ATUL ATHUN PATEL-BEDIPARA",7011,1,"Rajkot"
"PATEL AUTO SERVICE",7538,12,"Rajkot"
"KHODIYAR AUTO SERVICE",7538,11,"Rajkot"
"PATEL AUTO GARAGE",7538,10,"Rajkot"
"KHODIYAR AUTO PARTS",7538,8,"Rajkot"
"KHODIYAR MOTOR GARAGE",7538,7,"Rajkot"
"7D FUN CORNER",7832,1,"Rajkot"
"BIG CINEMA",7832,1,"Rajkot"
"CARNIVAL CINEMAS-CRYSTAL MALL",7832,1,"Rajkot"
"CINEMAX",7832,1,"Rajkot"
"COSMOPLEX CINEMA",7832,1,"Rajkot"
"HEMU GADHVI NATYA GRUH-ENTRANCE 1",7929,1,"Rajkot"
"HEMU GADHVI NATYA GRUH-MAIN ENTRANCE",7929,1,"Rajkot"
"KAVI SHREE RAMESH PAREKH RANG DARSHAN",7929,1,"Rajkot"
"PERFORMING ARTS",7929,1,"Rajkot"
"STORM 5D",7929,1,"Rajkot"
"PUBLIC GARDEN",7947,5,"Rajkot"
"RMC GARDEN",7947,5,"Rajkot"
"ANGAN PARK",7947,2,"Rajkot"
"M P PARK",7947,2,"Rajkot"
"MUNICIPAL PARK",7947,2,"Rajkot"
"GREEN MEADOWS GOLF ACADEMY",7992,1,"Rajkot"
"KRISHNA HOSPITAL",8060,3,"Rajkot"
"KRISHNA HOSPITAL-ER",8060,3,"Rajkot"
"SHIVAM HOSPITAL",8060,3,"Rajkot"
"SHIVAM HOSPITAL-ER",8060,3,"Rajkot"
"AASTHA HOSPITAL",8060,2,"Rajkot"
"ATMIYA INSTITUTE OF TECHNOLOGY & SCIENCE",8200,2,"Rajkot"
"DHARMENDRASINHJI ARTS COLLEGE",8200,2,"Rajkot"
"GOVERNMENT ENGINEERING COLLEGE",8200,2,"Rajkot"
"HARIVANDANA COLLEGE",8200,2,"Rajkot"
"MATUSHRI VIRBAIMA MAHILA COLLEGE",8200,2,"Rajkot"
"GENIUS KIDS KINGDOM",8211,4,"Rajkot"
"PARTH VIDYALAYA",8211,4,"Rajkot"
"RMC NAND GHAR",8211,4,"Rajkot"
"PRINCESS SCHOOL",8211,3,"Rajkot"
"RMC ANGANWADI",8211,3,"Rajkot"
"A ONE LIBRARY",8231,1,"Rajkot"
"BABA KISAN VACHNALAY",8231,1,"Rajkot"
"CHILDREN LIBRARY",8231,1,"Rajkot"
"DUDHI BEN VELJIBHAI NATHANI LIBRARY",8231,1,"Rajkot"
"GOVERNMENT DISTRICT LIBRARY",8231,1,"Rajkot"
"ARYABHATT SCIENCE MUSEUM",8410,1,"Rajkot"
"COMMUNITY SCIENCE CENTRE AND PLANETARIUM",8410,1,"Rajkot"
"INTERNATIONAL DOLLS MUSEUM",8410,1,"Rajkot"
"ROTARY DOLLS MUSEUM",8410,1,"Rajkot"
"WATSON MUSEUM",8410,1,"Rajkot"
"GREEN LEAF CLUB-JAMNAGAR ROAD",9532,1,"Rajkot"
"RETRO BAR",9532,1,"Rajkot"
"GOLDEN SUPER MARKET",9535,2,"Rajkot"
"OM SHOPPING CENTRE",9535,2,"Rajkot"
"BIG BAZAAR",9535,1,"Rajkot"
"CHANDAN SUPER MARKET",9535,1,"Rajkot"
"CHANDAN SUPER MART",9535,1,"Rajkot"
"ADIDAS",9537,7,"Rajkot"
"BATA",9537,7,"Rajkot"
"BALAJI FASHION",9537,6,"Rajkot"
"BALAJI SELECTION",9537,6,"Rajkot"
"FASHION POINT",9537,6,"Rajkot"
"DECORA FURNITURE",9560,3,"Rajkot"
"DREAM FURNITURE",9560,3,"Rajkot"
"OM PLASTIC",9560,3,"Rajkot"
"PATEL STEEL FURNITURE",9560,3,"Rajkot"
"SHREE CHAMUNDA FURNITURE",9560,3,"Rajkot"
"JAN AUSHADHI STORE",9565,19,"Rajkot"
"SHIV MEDICAL",9565,9,"Rajkot"
"PATEL MEDICAL",9565,7,"Rajkot"
"OM MEDICAL",9565,6,"Rajkot"
"SHIVAM MEDICAL",9565,6,"Rajkot"
"MONGINIS",9567,23,"Rajkot"
"TEA POST",9567,21,"Rajkot"
"PATEL PAN",9567,15,"Rajkot"
"RAJKOT DAIRY PARLOUR",9567,15,"Rajkot"
"LIMBU",9567,12,"Rajkot"
"GHANSHYAM CYCLE AGENCY",9568,2,"Rajkot"
"PATEL CYCLE AGENCY",9568,2,"Rajkot"
"PATEL CYCLE STORE",9568,2,"Rajkot"
"PLAYER'S SPORTS",9568,2,"Rajkot"
"RAJ CYCLE STORE",9568,2,"Rajkot"
"OM CLINIC",9583,25,"Rajkot"
"URBAN HEALTH CENTER",9583,17,"Rajkot"
"SANJIVANI CLINIC",9583,15,"Rajkot"
"OM DENTAL CLINIC",9583,13,"Rajkot"
"SHREEJI CLINIC",9583,12,"Rajkot"
"ALOHA",9596,4,"Rajkot"
"CADD CENTRE",9596,3,"Rajkot"
"GYANDHARA CLASSES",9596,3,"Rajkot"
"OM CLASSES",9596,3,"Rajkot"
"SHREE ACADEMY",9596,3,"Rajkot"
"AMIP AUTOMOBILES-SWARAJ",9719,1,"Rajkot"
"APCO AUTOSALES-EICHER",9719,1,"Rajkot"
"ASHOK LEYLAND",9719,1,"Rajkot"
"BALAJI TRACTOR-SONALIKA",9719,1,"Rajkot"
"CAPTAIN MINI TRACTOR",9719,1,"Rajkot"
"SHREE RAM HARDWARE",9986,6,"Rajkot"
"PATEL HARDWARE",9986,4,"Rajkot"
"BHAGIRATH STONE",9986,3,"Rajkot"
"DEEP HARDWARE",9986,3,"Rajkot"
"KRISHNA PLYWOOD",9986,3,"Rajkot"
"KRISHNA MOBILE",9987,15,"Rajkot"
"PATEL MOBILE",9987,12,"Rajkot"
"SHIV MOBILE",9987,12,"Rajkot"
"BALAJI MOBILE",9987,11,"Rajkot"
"VODAFONE MINI STORE",9987,10,"Rajkot"
"MAHAVIR COURIER SERVICES",9988,4,"Rajkot"
"PATEL STATIONERY & XEROX",9988,4,"Rajkot"
"ROYAL STATIONERS",9988,4,"Rajkot"
"BALAJI STATIONARY & XEROX",9988,3,"Rajkot"
"KRISHNA XEROX & STATIONERS",9988,3,"Rajkot"
"JAY KHODIYAR INDUSTRIES",9991,8,"Rajkot"
"KRISHNA INDUSTRIES",9991,7,"Rajkot"
"BALAJI INDUSTRIES",9991,6,"Rajkot"
"KHODAL INDUSTRIES",9991,5,"Rajkot"
"RAJ INDUSTRIES",9991,5,"Rajkot"
"AKSHAR BOOK STORE",9995,2,"Rajkot"
"DARPAN PRAKASHAN",9995,2,"Rajkot"
"KRISHNA XEROX",9995,2,"Rajkot"
"NIRMAN BOOK CENTRE",9995,2,"Rajkot"
"OLD & NEW BOOK STORES",9995,2,"Rajkot"
"CAFE COFFEE DAY",9996,6,"Rajkot"
"TEA POST",9996,4,"Rajkot"
"BREWERS",9996,2,"Rajkot"
"7 DAYS",9996,1,"Rajkot"
"BIG-POT",9996,1,"Rajkot"
"STATE BANK OF INDIA",3578,129,"Surat"
"AXIS BANK",3578,91,"Surat"
"HDFC BANK",3578,79,"Surat"
"ICICI BANK",3578,73,"Surat"
"BANK OF BARODA",3578,71,"Surat"
"MUTHOOT FINANCE",5000,23,"Surat"
"LIFE INSURANCE CORPORATION",5000,20,"Surat"
"MUTHOOT FINCORP",5000,19,"Surat"
"LIC",5000,16,"Surat"
"VODAFONE MINI STORE",5000,14,"Surat"
"DEVNARAYAN KIRANA STORES",5400,8,"Surat"
"AMUL PARLOUR",5400,7,"Surat"
"BALAJI PROVISION STORES",5400,7,"Surat"
"VEGETABLE MARKET",5400,7,"Surat"
"DHANLAXMI PROVISION STORES",5400,6,"Surat"
"EMERALD MOTORS-MERCEDES-BENZ",5511,3,"Surat"
"NANAVATI-TOYOTA",5511,3,"Surat"
"SILICON HYUNDAI",5511,3,"Surat"
"AUTO POINT CAR DIVISION",5511,2,"Surat"
"AUTOBOTS-VOLVO",5511,2,"Surat"
"BAPA SITARAM CAR",5512,2,"Surat"
"AMAR AUTO",5512,1,"Surat"
"AUTOPOINT CARS",5512,1,"Surat"
"AVADH CAR",5512,1,"Surat"
"BALAJI MOTORS",5512,1,"Surat"
"AUTO POINT-TVS MOTORS",5571,3,"Surat"
"AMBICA MOTORS-HERO",5571,2,"Surat"
"NAVJIVAN HONDA",5571,2,"Surat"
"POWER BIKES-YAMAHA",5571,2,"Surat"
"SURAT BAJAJ",5571,2,"Surat"
"DOMINO'S PIZZA",5800,18,"Surat"
"SOMNATH RESTAURANT",5800,15,"Surat"
"SUGAR N SPICE",5800,15,"Surat"
"BASKIN-ROBBINS",5800,12,"Surat"
"MCDONALD'S",5800,11,"Surat"
"CAFE JYRAN",5813,1,"Surat"
"DANSIYAM",5813,1,"Surat"
"DODHIYA CLASSES",5813,1,"Surat"
"GROOVERS DANCE",5813,1,"Surat"
"ISCON MALL",5813,1,"Surat"
"STATE BANK OF INDIA",6000,41,"Surat"
"DENA BANK",6000,19,"Surat"
"HDFC BANK",6000,16,"Surat"
"ICICI BANK",6000,14,"Surat"
"KOTAK MAHINDRA BANK",6000,14,"Surat"
"ISCON MALL",6512,3,"Surat"
"RAHULRAJ MALL",6512,2,"Surat"
"RAJ EMPIRE",6512,2,"Surat"
"99 SHOPPING CENTER",6512,1,"Surat"
"A TO Z GIFTS & DOLLAR SHOP",6512,1,"Surat"
"AAGYA",7011,1,"Surat"
"ALFA HOTEL BHATAR ROAD",7011,1,"Surat"
"ASHISH INTERNATIONAL HOTEL-LAL DARWAJA",7011,1,"Surat"
"ASHOKA INTERNATIONAL HOTEL-NEW BOMBAY MARKET",7011,1,"Surat"
"BELGIUM TOWER",7011,1,"Surat"
"KHODIYAR AUTO GARAGE",7538,14,"Surat"
"SAI AUTO GARAGE",7538,14,"Surat"
"PATEL AUTO GARAGE",7538,13,"Surat"
"KRISHNA AUTO GARAGE",7538,11,"Surat"
"CHAMUNDA AUTO GARAGE",7538,10,"Surat"
"CITY PLUS MULTIPLEX",7832,2,"Surat"
"PVR CINEMA",7832,2,"Surat"
"RAJHANS CINEMAS",7832,2,"Surat"
"RUPALI",7832,2,"Surat"
"VALENTINE",7832,2,"Surat"
"ART ASHOK & GROUP",7929,1,"Surat"
"BABA GANESH KALA MANDIR",7929,1,"Surat"
"BALAJI JARI KALA",7929,1,"Surat"
"BORN TALENT DANCE",7929,1,"Surat"
"CC MEHATA NATYA GRUH",7929,1,"Surat"
"STRIKES",7933,1,"Surat"
"GREEN PARK",7947,3,"Surat"
"PANCHVATI GARDEN",7947,3,"Surat"
"PARK",7947,3,"Surat"
"SHANTIVAN",7947,3,"Surat"
"SMC GARDEN",7947,3,"Surat"
"SKIZZY SKATING",7998,1,"Surat"
"SANJIVANI HOSPITAL-ER",8060,5,"Surat"
"SANJIVANI HOSPITAL",8060,4,"Surat"
"SHREEJI HOSPITAL",8060,4,"Surat"
"SHREEJI HOSPITAL-ER",8060,4,"Surat"
"AASHIRWAD HOSPITAL",8060,3,"Surat"
"AURO UNIVERSITY",8200,2,"Surat"
"BHAGWAN MAHAVIR EDUCATION FOUNDATION",8200,2,"Surat"
"GURUKRUPA VIDHYALAYA",8200,2,"Surat"
"UDHNA ACADEMY EDUCATION TRUST",8200,2,"Surat"
"ADARSH PUBLIC SCHOOL",8200,1,"Surat"
"KIDZEE",8211,8,"Surat"
"NAGAR PRATHAMIK SHIKSHAN SAMITI SCHOOL",8211,8,"Surat"
"DELHI PUBLIC SCHOOL",8211,6,"Surat"
"LITTLE MILLENNIUM",8211,5,"Surat"
"SARASWATI VIDYALAYA",8211,5,"Surat"
"SMC LIBRARY",8231,3,"Surat"
"SURAT MUNICIPAL CORPORATION",8231,2,"Surat"
"A P LIBRARY",8231,1,"Surat"
"ANDREWS LIBRARY",8231,1,"Surat"
"DHARMANANDAN LIBRARY",8231,1,"Surat"
"BANSI MUSEUM",8410,1,"Surat"
"RAMDEV MUSEUM",8410,1,"Surat"
"RIDHAM MUSEUM",8410,1,"Surat"
"SARDAR VALLABHBHAI PATEL GALLERY",8410,1,"Surat"
"SARDAR VALLABHBHAI PATEL MUSEUM",8410,1,"Surat"
"RELIANCE FRESH",9535,10,"Surat"
"DHIRAJ SONS",9535,5,"Surat"
"D MART",9535,4,"Surat"
"BIG BAZAAR",9535,3,"Surat"
"FOOD BAZAAR",9535,2,"Surat"
"BATA",9537,13,"Surat"
"KRISHNA FASHION",9537,13,"Surat"
"RAJ FASHION",9537,10,"Surat"
"SAI COLLECTION",9537,9,"Surat"
"M2M",9537,8,"Surat"
"ZUARI FURNITURE",9560,4,"Surat"
"JAY AMBE FURNITURE",9560,3,"Surat"
"KITCHEN TRENDZ",9560,3,"Surat"
"MARUTI FURNITURE",9560,3,"Surat"
"AASHIRWAD FURNITURE",9560,2,"Surat"
"JAN AUSHADHI STORE",9565,25,"Surat"
"KRISHNA MEDICAL",9565,18,"Surat"
"KRISHNA MEDICAL STORE",9565,9,"Surat"
"SAI MEDICAL",9565,9,"Surat"
"KRISHNA MEDICAL STORES",9565,8,"Surat"
"BREADLINER",9567,23,"Surat"
"MONGINIS",9567,21,"Surat"
"NEW JANTA ICE CREAM",9567,19,"Surat"
"BHARKADEVI ICE CREAM",9567,14,"Surat"
"ATUL BAKERY",9567,13,"Surat"
"AEROFIT",9568,1,"Surat"
"AEROFIT-NEW JUDGES COLONY",9568,1,"Surat"
"AEROFIT FITNESS ZONE",9568,1,"Surat"
"AFTON HEALTH & FITNESS EQUIPMENT",9568,1,"Surat"
"ARJUN GARMENTS & SPORTS",9568,1,"Surat"
"KRISHNA CLINIC",9583,44,"Surat"
"SHREEJI CLINIC",9583,37,"Surat"
"SAI CLINIC",9583,36,"Surat"
"SHIVAM CLINIC",9583,32,"Surat"
"OM CLINIC",9583,31,"Surat"
"ALOHA",9596,6,"Surat"
"KRISHNA CLASSES",9596,5,"Surat"
"SHREEJI CLASSES",9596,5,"Surat"
"FRIENDS CLASSES",9596,4,"Surat"
"SHUBHAM CLASSES",9596,4,"Surat"
"SHREE MOTORS-RE BAJAJ",9719,2,"Surat"
"AMW",9719,1,"Surat"
"ASHOK LELYAND",9719,1,"Surat"
"ASHOK LEYLAND",9719,1,"Surat"
"DHRUV MOTORS-AMW TRUCK",9719,1,"Surat"
"JALARAM HARDWARE",9986,3,"Surat"
"KRISHNA FIBER",9986,3,"Surat"
"KRISHNA HARDWARE",9986,3,"Surat"
"MAHAVIR HARDWARE",9986,3,"Surat"
"METRO STEEL",9986,3,"Surat"
"KRISHNA MOBILE",9987,30,"Surat"
"RADHE MOBILE",9987,16,"Surat"
"OM MOBILE",9987,15,"Surat"
"BHATIA COMMUNICATION & RETAILS",9987,14,"Surat"
"MOHIT MOBILE",9987,12,"Surat"
"SHREE MARUTI COURIER SERVICE",9988,5,"Surat"
"SHREEJI STATIONERY",9988,4,"Surat"
"HARSH STATIONERY",9988,3,"Surat"
"JAN SUVIDHA KENDRA",9988,3,"Surat"
"KRISHNA STATIONERY & XEROX",9988,3,"Surat"
"HOJIWALA INDUSTRIAL ESTATE",9991,2,"Surat"
"AAGAM SILK MILL",9991,1,"Surat"
"AMRUT UDYOG NAGAR",9991,1,"Surat"
"APPLE BUILDING",9991,1,"Surat"
"BAPU",9991,1,"Surat"
"KRISHNA STATIONERY",9995,3,"Surat"
"SHIVANI STATIONERY",9995,2,"Surat"
"AAVKAR STATIONERY",9995,1,"Surat"
"ABC BOOK CORNER",9995,1,"Surat"
"AMAR JYOT STATIONERY",9995,1,"Surat"
"CAFE COFFEE DAY",9996,11,"Surat"
"COFFEE CULTURE",9996,3,"Surat"
"BARISTA",9996,2,"Surat"
"CAFE CREME",9996,2,"Surat"
"THE CHOCOLATE ROOM",9996,2,"Surat"
